<animations>
 <animation name="water_Top">
  <attrlinks>
   <attrlink attr="rotation.anglez" node="water_left_going_drop-P" timedvalue="ATV-098F661E4BB02A61"/>
   <attrlink attr="offset" node="water_left_going_drop-P" timedvalue="ATV-098F661E4BB02A5F"/>
   <attrlink attr="velocity" node="water_left_going_drop-P" timedvalue="ATV-098F661E4BB02A5F_velocity"/>
   <attrlink attr="scale.x" node="water_left_going_drop-P" timedvalue="ATV-098F661E4BB02A62"/>
   <attrlink attr="scale.y" node="water_left_going_drop-P" timedvalue="ATV-098F661E4BB02A63"/>
   <attrlink attr="skew" node="water_left_going_drop-P" timedvalue="ATV-098F661E4BB02A64"/>
   <attrlink attr="pivot" node="water_left_going_drop-P" timedvalue="PIVOT-TV-water_left_going_drop-P"/>
   <attrlink attr="rotation.anglez" node="water_left_going_drop" timedvalue="ATV-098F661E4BB02A68"/>
   <attrlink attr="offset.x" node="water_left_going_drop" timedvalue="ATV-098F661E4BB02A65"/>
   <attrlink attr="offset.y" node="water_left_going_drop" timedvalue="ATV-098F661E4BB02A66"/>
   <attrlink attr="offset.z" node="water_left_going_drop" timedvalue="ATV-098F661E4BB02A67"/>
   <attrlink attr="scale.x" node="water_left_going_drop" timedvalue="ATV-098F661E4BB024CF"/>
   <attrlink attr="scale.y" node="water_left_going_drop" timedvalue="ATV-098F661E4BB024D0"/>
   <attrlink attr="skew" node="water_left_going_drop" timedvalue="ATV-098F661E4BB02A69"/>
   <attrlink attr="opacity" node="water_left_going_drop" value="1"/>
   <attrlink attr="rotation.anglez" node="water_right_going_drop-P" timedvalue="ATV-098F661E4BB02A6C"/>
   <attrlink attr="offset" node="water_right_going_drop-P" timedvalue="ATV-098F661E4BB02A6A"/>
   <attrlink attr="velocity" node="water_right_going_drop-P" timedvalue="ATV-098F661E4BB02A6A_velocity"/>
   <attrlink attr="scale.x" node="water_right_going_drop-P" timedvalue="ATV-098F661E4BB02A6D"/>
   <attrlink attr="scale.y" node="water_right_going_drop-P" timedvalue="ATV-098F661E4BB02A6E"/>
   <attrlink attr="skew" node="water_right_going_drop-P" timedvalue="ATV-098F661E4BB02A6F"/>
   <attrlink attr="pivot" node="water_right_going_drop-P" timedvalue="PIVOT-TV-water_right_going_drop-P"/>
   <attrlink attr="rotation.anglez" node="water_right_going_drop" timedvalue="ATV-098F661E4BB02A73"/>
   <attrlink attr="offset.x" node="water_right_going_drop" timedvalue="ATV-098F661E4BB02A70"/>
   <attrlink attr="offset.y" node="water_right_going_drop" timedvalue="ATV-098F661E4BB02A71"/>
   <attrlink attr="offset.z" node="water_right_going_drop" timedvalue="ATV-098F661E4BB02A72"/>
   <attrlink attr="scale.x" node="water_right_going_drop" timedvalue="ATV-098F661E4BB024BB"/>
   <attrlink attr="scale.y" node="water_right_going_drop" timedvalue="ATV-098F661E4BB024BC"/>
   <attrlink attr="skew" node="water_right_going_drop" timedvalue="ATV-098F661E4BB02A74"/>
   <attrlink attr="opacity" node="water_right_going_drop" value="1"/>
   <attrlink attr="rotation.anglez" node="water_1st_down_going_drop-P" timedvalue="ATV-098F661E4BB02A77"/>
   <attrlink attr="offset" node="water_1st_down_going_drop-P" timedvalue="ATV-098F661E4BB02A75"/>
   <attrlink attr="velocity" node="water_1st_down_going_drop-P" timedvalue="ATV-098F661E4BB02A75_velocity"/>
   <attrlink attr="scale.x" node="water_1st_down_going_drop-P" timedvalue="ATV-098F661E4BB02A78"/>
   <attrlink attr="scale.y" node="water_1st_down_going_drop-P" timedvalue="ATV-098F661E4BB02A79"/>
   <attrlink attr="skew" node="water_1st_down_going_drop-P" timedvalue="ATV-098F661E4BB02A7A"/>
   <attrlink attr="pivot" node="water_1st_down_going_drop-P" timedvalue="PIVOT-TV-water_1st_down_going_drop-P"/>
   <attrlink attr="rotation.anglez" node="water_1st_down_going_drop" timedvalue="ATV-098F661E4BB02A7E"/>
   <attrlink attr="offset.x" node="water_1st_down_going_drop" timedvalue="ATV-098F661E4BB02A7B"/>
   <attrlink attr="offset.y" node="water_1st_down_going_drop" timedvalue="ATV-098F661E4BB02A7C"/>
   <attrlink attr="offset.z" node="water_1st_down_going_drop" timedvalue="ATV-098F661E4BB02A7D"/>
   <attrlink attr="scale.x" node="water_1st_down_going_drop" timedvalue="ATV-098F661E4BB024C1"/>
   <attrlink attr="scale.y" node="water_1st_down_going_drop" timedvalue="ATV-098F661E4BB024C2"/>
   <attrlink attr="skew" node="water_1st_down_going_drop" timedvalue="ATV-098F661E4BB02A7F"/>
   <attrlink attr="opacity" node="water_1st_down_going_drop" value="1"/>
   <attrlink attr="rotation.anglez" node="water_2nd_down_going_drop-P" timedvalue="ATV-098F661E4BB02A82"/>
   <attrlink attr="offset" node="water_2nd_down_going_drop-P" timedvalue="ATV-098F661E4BB02A80"/>
   <attrlink attr="velocity" node="water_2nd_down_going_drop-P" timedvalue="ATV-098F661E4BB02A80_velocity"/>
   <attrlink attr="scale.x" node="water_2nd_down_going_drop-P" timedvalue="ATV-098F661E4BB02A83"/>
   <attrlink attr="scale.y" node="water_2nd_down_going_drop-P" timedvalue="ATV-098F661E4BB02A84"/>
   <attrlink attr="skew" node="water_2nd_down_going_drop-P" timedvalue="ATV-098F661E4BB02A85"/>
   <attrlink attr="pivot" node="water_2nd_down_going_drop-P" timedvalue="PIVOT-TV-water_2nd_down_going_drop-P"/>
   <attrlink attr="rotation.anglez" node="water_2nd_down_going_drop" timedvalue="ATV-098F661E4BB02A89"/>
   <attrlink attr="offset.x" node="water_2nd_down_going_drop" timedvalue="ATV-098F661E4BB02A86"/>
   <attrlink attr="offset.y" node="water_2nd_down_going_drop" timedvalue="ATV-098F661E4BB02A87"/>
   <attrlink attr="offset.z" node="water_2nd_down_going_drop" timedvalue="ATV-098F661E4BB02A88"/>
   <attrlink attr="scale.x" node="water_2nd_down_going_drop" timedvalue="ATV-098F661E4BB024BD"/>
   <attrlink attr="scale.y" node="water_2nd_down_going_drop" timedvalue="ATV-098F661E4BB024BE"/>
   <attrlink attr="skew" node="water_2nd_down_going_drop" timedvalue="ATV-098F661E4BB02A8A"/>
   <attrlink attr="opacity" node="water_2nd_down_going_drop" value="1"/>
   <attrlink attr="rotation.anglez" node="water_3rd_down_going_drop-P" timedvalue="ATV-098F661E4BB02A8D"/>
   <attrlink attr="offset" node="water_3rd_down_going_drop-P" timedvalue="ATV-098F661E4BB02A8B"/>
   <attrlink attr="velocity" node="water_3rd_down_going_drop-P" timedvalue="ATV-098F661E4BB02A8B_velocity"/>
   <attrlink attr="scale.x" node="water_3rd_down_going_drop-P" timedvalue="ATV-098F661E4BB02A8E"/>
   <attrlink attr="scale.y" node="water_3rd_down_going_drop-P" timedvalue="ATV-098F661E4BB02A8F"/>
   <attrlink attr="skew" node="water_3rd_down_going_drop-P" timedvalue="ATV-098F661E4BB02A90"/>
   <attrlink attr="pivot" node="water_3rd_down_going_drop-P" timedvalue="PIVOT-TV-water_3rd_down_going_drop-P"/>
   <attrlink attr="rotation.anglez" node="water_3rd_down_going_drop" timedvalue="ATV-098F661E4BB02A94"/>
   <attrlink attr="offset.x" node="water_3rd_down_going_drop" timedvalue="ATV-098F661E4BB02A91"/>
   <attrlink attr="offset.y" node="water_3rd_down_going_drop" timedvalue="ATV-098F661E4BB02A92"/>
   <attrlink attr="offset.z" node="water_3rd_down_going_drop" timedvalue="ATV-098F661E4BB02A93"/>
   <attrlink attr="scale.x" node="water_3rd_down_going_drop" timedvalue="ATV-098F661E4BB024CB"/>
   <attrlink attr="scale.y" node="water_3rd_down_going_drop" timedvalue="ATV-098F661E4BB024CC"/>
   <attrlink attr="skew" node="water_3rd_down_going_drop" timedvalue="ATV-098F661E4BB02A95"/>
   <attrlink attr="opacity" node="water_3rd_down_going_drop" value="1"/>
   <attrlink attr="rotation.anglez" node="water_whaterfall-P" timedvalue="ATV-098F661E4BB02AA3"/>
   <attrlink attr="offset" node="water_whaterfall-P" timedvalue="ATV-098F661E4BB02AA1"/>
   <attrlink attr="velocity" node="water_whaterfall-P" timedvalue="ATV-098F661E4BB02AA1_velocity"/>
   <attrlink attr="scale.x" node="water_whaterfall-P" timedvalue="ATV-098F661E4BB02AA4"/>
   <attrlink attr="scale.y" node="water_whaterfall-P" timedvalue="ATV-098F661E4BB02AA5"/>
   <attrlink attr="skew" node="water_whaterfall-P" timedvalue="ATV-098F661E4BB02AA6"/>
   <attrlink attr="rotation.anglez" node="water_whaterfall" timedvalue="ATV-098F661E4BB02AAA"/>
   <attrlink attr="offset.x" node="water_whaterfall" timedvalue="ATV-098F661E4BB02AA7"/>
   <attrlink attr="offset.y" node="water_whaterfall" timedvalue="ATV-098F661E4BB02AA8"/>
   <attrlink attr="offset.z" node="water_whaterfall" timedvalue="ATV-098F661E4BB02AA9"/>
   <attrlink attr="scale.x" node="water_whaterfall" timedvalue="ATV-098F661E4BB024C5"/>
   <attrlink attr="scale.y" node="water_whaterfall" timedvalue="ATV-098F661E4BB024C6"/>
   <attrlink attr="skew" node="water_whaterfall" timedvalue="ATV-098F661E4BB02AAB"/>
   <attrlink attr="opacity" node="water_whaterfall" value="1"/>
   <attrlink attr="rotation.anglez" node="water_waterfall2-P" timedvalue="ATV-098F661E4BB02A98"/>
   <attrlink attr="offset" node="water_waterfall2-P" timedvalue="ATV-098F661E4BB02A96"/>
   <attrlink attr="velocity" node="water_waterfall2-P" timedvalue="ATV-098F661E4BB02A96_velocity"/>
   <attrlink attr="scale.x" node="water_waterfall2-P" timedvalue="ATV-098F661E4BB02A99"/>
   <attrlink attr="scale.y" node="water_waterfall2-P" timedvalue="ATV-098F661E4BB02A9A"/>
   <attrlink attr="skew" node="water_waterfall2-P" timedvalue="ATV-098F661E4BB02A9B"/>
   <attrlink attr="rotation.anglez" node="water_waterfall2" timedvalue="ATV-098F661E4BB02A9F"/>
   <attrlink attr="offset.x" node="water_waterfall2" timedvalue="ATV-098F661E4BB02A9C"/>
   <attrlink attr="offset.y" node="water_waterfall2" timedvalue="ATV-098F661E4BB02A9D"/>
   <attrlink attr="offset.z" node="water_waterfall2" timedvalue="ATV-098F661E4BB02A9E"/>
   <attrlink attr="scale.x" node="water_waterfall2" timedvalue="ATV-098F661E4BB024BF"/>
   <attrlink attr="scale.y" node="water_waterfall2" timedvalue="ATV-098F661E4BB024C0"/>
   <attrlink attr="skew" node="water_waterfall2" timedvalue="ATV-098F661E4BB02AA0"/>
   <attrlink attr="opacity" node="water_waterfall2" value="1"/>
   <attrlink attr="offset" node="water_half_pipe-P" timedvalue="ATV-098F661E4BB02AAC"/>
   <attrlink attr="scale.x" node="water_half_pipe" value="0.6592"/>
   <attrlink attr="scale.y" node="water_half_pipe" value="0.6592"/>
   <attrlink attr="opacity" node="water_half_pipe" value="1"/>
   <attrlink attr="rotation.anglez" node="water_r_wave-P" timedvalue="ATV-098F6C2048602F14"/>
   <attrlink attr="offset" node="water_r_wave-P" timedvalue="ATV-098F6C2048602F12"/>
   <attrlink attr="velocity" node="water_r_wave-P" timedvalue="ATV-098F6C2048602F12_velocity"/>
   <attrlink attr="scale.x" node="water_r_wave-P" timedvalue="ATV-098F6C2048602F15"/>
   <attrlink attr="scale.y" node="water_r_wave-P" timedvalue="ATV-098F6C2048602F16"/>
   <attrlink attr="skew" node="water_r_wave-P" timedvalue="ATV-098F6C2048602F17"/>
   <attrlink attr="pivot" node="water_r_wave-P" timedvalue="PIVOT-TV-water_r_wave-P"/>
   <attrlink attr="rotation.anglez" node="water_r_wave" timedvalue="ATV-098F6C2048602F19"/>
   <attrlink attr="offset.x" node="water_r_wave" timedvalue="ATV-098F6C204860157A"/>
   <attrlink attr="offset.y" node="water_r_wave" timedvalue="ATV-098F6C204860157B"/>
   <attrlink attr="offset.z" node="water_r_wave" timedvalue="ATV-098F6C2048602F18"/>
   <attrlink attr="scale.x" node="water_r_wave" timedvalue="ATV-098F6C20486019F0"/>
   <attrlink attr="scale.y" node="water_r_wave" timedvalue="ATV-098F6C20486019F1"/>
   <attrlink attr="skew" node="water_r_wave" timedvalue="ATV-098F6C2048602F1A"/>
   <attrlink attr="opacity" node="water_r_wave" value="1"/>
   <attrlink attr="offset" node="water_l_wave-P" timedvalue="ATV-098F6C2048602F1B"/>
   <attrlink attr="scale.x" node="water_l_wave-P" timedvalue="ATV-098F6C2048602F1E"/>
   <attrlink attr="scale.y" node="water_l_wave-P" timedvalue="ATV-098F6C2048602F1F"/>
   <attrlink attr="pivot" node="water_l_wave-P" timedvalue="PIVOT-TV-water_l_wave-P"/>
   <attrlink attr="rotation.anglez" node="water_l_wave" timedvalue="ATV-098F6C2048602F22"/>
   <attrlink attr="offset.x" node="water_l_wave" timedvalue="ATV-098F6C2048601578"/>
   <attrlink attr="offset.y" node="water_l_wave" timedvalue="ATV-098F6C2048601579"/>
   <attrlink attr="offset.z" node="water_l_wave" timedvalue="ATV-098F6C2048602F21"/>
   <attrlink attr="scale.x" node="water_l_wave" timedvalue="ATV-098F6C20486019EE"/>
   <attrlink attr="scale.y" node="water_l_wave" timedvalue="ATV-098F6C20486019EF"/>
   <attrlink attr="skew" node="water_l_wave" timedvalue="ATV-098F6C2048602F23"/>
   <attrlink attr="opacity" node="water_l_wave" value="1"/>
   <attrlink attr="rotation.anglez" node="water_l_wave_1-P" timedvalue="ATV-098F6C2048602F26"/>
   <attrlink attr="offset" node="water_l_wave_1-P" timedvalue="ATV-098F6C2048602F24"/>
   <attrlink attr="velocity" node="water_l_wave_1-P" timedvalue="ATV-098F6C2048602F24_velocity"/>
   <attrlink attr="scale.x" node="water_l_wave_1-P" timedvalue="ATV-098F6C2048602F27"/>
   <attrlink attr="scale.y" node="water_l_wave_1-P" timedvalue="ATV-098F6C2048602F28"/>
   <attrlink attr="skew" node="water_l_wave_1-P" timedvalue="ATV-098F6C2048602F29"/>
   <attrlink attr="pivot" node="water_l_wave_1-P" timedvalue="PIVOT-TV-water_l_wave_1-P"/>
   <attrlink attr="rotation.anglez" node="water_l_wave_1" timedvalue="ATV-098F6C2048602F2B"/>
   <attrlink attr="offset.x" node="water_l_wave_1" timedvalue="ATV-098F6C20486021D0"/>
   <attrlink attr="offset.y" node="water_l_wave_1" timedvalue="ATV-098F6C20486021D2"/>
   <attrlink attr="offset.z" node="water_l_wave_1" timedvalue="ATV-098F6C2048602F2A"/>
   <attrlink attr="scale.x" node="water_l_wave_1" timedvalue="ATV-098F6C20486021D4"/>
   <attrlink attr="scale.y" node="water_l_wave_1" timedvalue="ATV-098F6C20486021D6"/>
   <attrlink attr="skew" node="water_l_wave_1" timedvalue="ATV-098F6C2048602F2C"/>
   <attrlink attr="opacity" node="water_l_wave_1" value="1"/>
   <attrlink attr="offset" node="water_water_on_the_board-P" timedvalue="ATV-098F661E4BB02AC2"/>
   <attrlink attr="scale.x" node="water_water_on_the_board" value="0.6592"/>
   <attrlink attr="scale.y" node="water_water_on_the_board" value="0.6592"/>
   <attrlink attr="opacity" node="water_water_on_the_board" value="1"/>
   <attrlink attr="offset" node="water_board-P" timedvalue="ATV-098F661E4BB02ACD"/>
   <attrlink attr="scale.x" node="water_board" value="0.6592"/>
   <attrlink attr="scale.y" node="water_board" value="0.6592"/>
   <attrlink attr="opacity" node="water_board" value="1"/>
  </attrlinks>
  <timedvalues>
   <bezier name="ATV-098F661E4BB02A61">
    <pt x="1" y="-0.3110683026689313" rx="1" ry="-0.3110683026689313" lx="1" ly="-0.3110683026689313" constSeg="false"/>
    <pt x="14" y="2.097778899745989" rx="14" ry="2.097778899745989" lx="14" ly="2.097778899745989" constSeg="false"/>
   </bezier>
   <catmull scaleY="85.33" scaleZ="0.2222222222222222" name="ATV-098F661E4BB02A5F" scaleX="113.7733333333333">
    <pt x="0.1806889517969199" y="0.3093835957467779" z="0" lockedInTime="1"/>
    <pt x="0.1806889517969199" y="0.3093835957467779" z="0" lockedInTime="14"/>
   </catmull>
   <bezier name="ATV-098F661E4BB02A5F_velocity">
    <pt x="1" y="0" rx="1" ry="0" lx="1" ly="0" constSeg="false"/>
    <pt x="14" y="1" rx="14" ry="1" lx="14" ly="1" constSeg="false"/>
   </bezier>
   <bezier name="ATV-098F661E4BB02A62">
    <pt x="1" y="1" rx="1" ry="1" lx="1" ly="1" constSeg="false"/>
    <pt x="14" y="1" rx="14" ry="1" lx="14" ly="1" constSeg="false"/>
   </bezier>
   <bezier name="ATV-098F661E4BB02A63">
    <pt x="1" y="1" rx="1" ry="1" lx="1" ly="1" constSeg="false"/>
    <pt x="14" y="1" rx="14" ry="1" lx="14" ly="1" constSeg="false"/>
   </bezier>
   <bezier name="ATV-098F661E4BB02A64">
    <pt x="1" y="0" rx="1" ry="0" lx="1" ly="0" constSeg="false"/>
    <pt x="14" y="0" rx="14" ry="0" lx="14" ly="0" constSeg="false"/>
   </bezier>
   <pivot name="PIVOT-TV-water_left_going_drop-P">
    <pt x="-28.03492614151795" y="-704.5690261966859" z="0" start="1"/>
   </pivot>
   <bezier name="ATV-098F661E4BB02A68">
    <pt x="1" y="0" rx="1" ry="0" lx="1" ly="0" constSeg="false"/>
    <pt x="14" y="0" rx="14" ry="0" lx="14" ly="0" constSeg="false"/>
   </bezier>
   <bezier name="ATV-098F661E4BB02A65">
    <pt x="1" y="0" rx="1" ry="0" lx="1" ly="0" constSeg="false"/>
    <pt x="14" y="0" rx="14" ry="0" lx="14" ly="0" constSeg="false"/>
   </bezier>
   <bezier name="ATV-098F661E4BB02A66">
    <pt x="1" y="0" rx="1" ry="0" lx="1" ly="0" constSeg="false"/>
    <pt x="14" y="0" rx="14" ry="0" lx="14" ly="0" constSeg="false"/>
   </bezier>
   <bezier name="ATV-098F661E4BB02A67">
    <pt x="1" y="0" rx="1" ry="0" lx="1" ly="0" constSeg="false"/>
    <pt x="14" y="0" rx="14" ry="0" lx="14" ly="0" constSeg="false"/>
   </bezier>
   <bezier name="ATV-098F661E4BB024CF">
    <pt x="1" y="0.6592407283834246" rx="1" ry="0.6592407283834246" lx="1" ly="0.6592407283834246" constSeg="false"/>
    <pt x="14" y="0.6592407283834246" rx="14" ry="0.6592407283834246" lx="14" ly="0.6592407283834246" constSeg="false"/>
   </bezier>
   <bezier name="ATV-098F661E4BB024D0">
    <pt x="1" y="0.6592407283834246" rx="1" ry="0.6592407283834246" lx="1" ly="0.6592407283834246" constSeg="false"/>
    <pt x="14" y="0.6592407283834246" rx="14" ry="0.6592407283834246" lx="14" ly="0.6592407283834246" constSeg="false"/>
   </bezier>
   <bezier name="ATV-098F661E4BB02A69">
    <pt x="1" y="0" rx="1" ry="0" lx="1" ly="0" constSeg="false"/>
    <pt x="14" y="0" rx="14" ry="0" lx="14" ly="0" constSeg="false"/>
   </bezier>
   <bezier name="ATV-098F661E4BB02A6C">
    <pt x="8" y="0.3296447532183128" rx="8" ry="0.3296447532183128" lx="8" ly="0.3296447532183128" constSeg="false"/>
    <pt x="19" y="-2.309237977822577" rx="19" ry="-2.309237977822577" lx="19" ly="-2.309237977822577" constSeg="false"/>
   </bezier>
   <catmull scaleY="85.33" scaleZ="0.2222222222222222" name="ATV-098F661E4BB02A6A" scaleX="113.7733333333333">
    <pt x="-0.06638538250281312" y="0.1055946873231857" z="0" lockedInTime="8"/>
    <pt x="-0.09969122360205174" y="0.094936818171419" z="0" lockedInTime="19"/>
   </catmull>
   <bezier name="ATV-098F661E4BB02A6A_velocity">
    <pt x="8" y="0" rx="8" ry="0" lx="8" ly="0" constSeg="false"/>
    <pt x="19" y="1" rx="19" ry="1" lx="19" ly="1" constSeg="false"/>
   </bezier>
   <bezier name="ATV-098F661E4BB02A6D">
    <pt x="8" y="1" rx="8" ry="1" lx="8" ly="1" constSeg="false"/>
    <pt x="19" y="1" rx="19" ry="1" lx="19" ly="1" constSeg="false"/>
   </bezier>
   <bezier name="ATV-098F661E4BB02A6E">
    <pt x="8" y="1" rx="8" ry="1" lx="8" ly="1" constSeg="false"/>
    <pt x="19" y="1" rx="19" ry="1" lx="19" ly="1" constSeg="false"/>
   </bezier>
   <bezier name="ATV-098F661E4BB02A6F">
    <pt x="8" y="0" rx="8" ry="0" lx="8" ly="0" constSeg="false"/>
    <pt x="19" y="0" rx="19" ry="0" lx="19" ly="0" constSeg="false"/>
   </bezier>
   <pivot name="PIVOT-TV-water_right_going_drop-P">
    <pt x="195.8189871693347" y="-697.8800371843696" z="0" start="1"/>
   </pivot>
   <bezier name="ATV-098F661E4BB02A73">
    <pt x="8" y="0" rx="8" ry="0" lx="8" ly="0" constSeg="false"/>
    <pt x="19" y="0" rx="19" ry="0" lx="19" ly="0" constSeg="false"/>
   </bezier>
   <bezier name="ATV-098F661E4BB02A70">
    <pt x="8" y="0" rx="8" ry="0" lx="8" ly="0" constSeg="false"/>
    <pt x="19" y="0" rx="19" ry="0" lx="19" ly="0" constSeg="false"/>
   </bezier>
   <bezier name="ATV-098F661E4BB02A71">
    <pt x="8" y="0" rx="8" ry="0" lx="8" ly="0" constSeg="false"/>
    <pt x="19" y="0" rx="19" ry="0" lx="19" ly="0" constSeg="false"/>
   </bezier>
   <bezier name="ATV-098F661E4BB02A72">
    <pt x="8" y="0" rx="8" ry="0" lx="8" ly="0" constSeg="false"/>
    <pt x="19" y="0" rx="19" ry="0" lx="19" ly="0" constSeg="false"/>
   </bezier>
   <bezier name="ATV-098F661E4BB024BB">
    <pt x="8" y="0.6592407283834246" rx="8" ry="0.6592407283834246" lx="8" ly="0.6592407283834246" constSeg="false"/>
    <pt x="19" y="0.6592407283834246" rx="19" ry="0.6592407283834246" lx="19" ly="0.6592407283834246" constSeg="false"/>
   </bezier>
   <bezier name="ATV-098F661E4BB024BC">
    <pt x="8" y="0.6592407283834246" rx="8" ry="0.6592407283834246" lx="8" ly="0.6592407283834246" constSeg="false"/>
    <pt x="19" y="0.6592407283834246" rx="19" ry="0.6592407283834246" lx="19" ly="0.6592407283834246" constSeg="false"/>
   </bezier>
   <bezier name="ATV-098F661E4BB02A74">
    <pt x="8" y="0" rx="8" ry="0" lx="8" ly="0" constSeg="false"/>
    <pt x="19" y="0" rx="19" ry="0" lx="19" ly="0" constSeg="false"/>
   </bezier>
   <bezier name="ATV-098F661E4BB02A77">
    <pt x="1" y="0" rx="1" ry="0" lx="1" ly="0" constSeg="false"/>
    <pt x="11" y="0" rx="11" ry="0" lx="11" ly="0" constSeg="false"/>
   </bezier>
   <catmull scaleY="85.33" scaleZ="0.2222222222222222" name="ATV-098F661E4BB02A75" scaleX="113.7733333333333">
    <pt x="0.004308439582506552" y="0.01378700666401668" z="0" lockedInTime="1"/>
    <pt x="0.02873272305528764" y="-2.141767029279134" z="0" lockedInTime="11"/>
   </catmull>
   <bezier name="ATV-098F661E4BB02A75_velocity">
    <pt x="1" y="0" rx="1" ry="0" lx="1" ly="0" constSeg="false"/>
    <pt x="11" y="1" rx="11" ry="1" lx="11" ly="1" constSeg="false"/>
   </bezier>
   <bezier name="ATV-098F661E4BB02A78">
    <pt x="1" y="1" rx="1" ry="1" lx="1" ly="1" constSeg="false"/>
    <pt x="11" y="0.6072385029498525" rx="11" ry="0.6072385029498525" lx="11" ly="0.6072385029498525" constSeg="false"/>
   </bezier>
   <bezier name="ATV-098F661E4BB02A79">
    <pt x="1" y="1" rx="1" ry="1" lx="1" ly="1" constSeg="false"/>
    <pt x="11" y="0.6072385029498525" rx="11" ry="0.6072385029498525" lx="11" ly="0.6072385029498525" constSeg="false"/>
   </bezier>
   <bezier name="ATV-098F661E4BB02A7A">
    <pt x="1" y="0" rx="1" ry="0" lx="1" ly="0" constSeg="false"/>
    <pt x="11" y="0" rx="11" ry="0" lx="11" ly="0" constSeg="false"/>
   </bezier>
   <pivot name="PIVOT-TV-water_1st_down_going_drop-P">
    <pt x="301.8972760614821" y="-794.2046152340851" z="0" start="1"/>
   </pivot>
   <bezier name="ATV-098F661E4BB02A7E">
    <pt x="1" y="0" rx="1" ry="0" lx="1" ly="0" constSeg="false"/>
    <pt x="11" y="0" rx="11" ry="0" lx="11" ly="0" constSeg="false"/>
   </bezier>
   <bezier name="ATV-098F661E4BB02A7B">
    <pt x="1" y="0" rx="1" ry="0" lx="1" ly="0" constSeg="false"/>
    <pt x="11" y="0" rx="11" ry="0" lx="11" ly="0" constSeg="false"/>
   </bezier>
   <bezier name="ATV-098F661E4BB02A7C">
    <pt x="1" y="0" rx="1" ry="0" lx="1" ly="0" constSeg="false"/>
    <pt x="11" y="0" rx="11" ry="0" lx="11" ly="0" constSeg="false"/>
   </bezier>
   <bezier name="ATV-098F661E4BB02A7D">
    <pt x="1" y="0" rx="1" ry="0" lx="1" ly="0" constSeg="false"/>
    <pt x="11" y="0" rx="11" ry="0" lx="11" ly="0" constSeg="false"/>
   </bezier>
   <bezier name="ATV-098F661E4BB024C1">
    <pt x="1" y="0.6592407283834246" rx="1" ry="0.6592407283834246" lx="1" ly="0.6592407283834246" constSeg="false"/>
    <pt x="11" y="0.6592407283834246" rx="11" ry="0.6592407283834246" lx="11" ly="0.6592407283834246" constSeg="false"/>
   </bezier>
   <bezier name="ATV-098F661E4BB024C2">
    <pt x="1" y="0.6592407283834246" rx="1" ry="0.6592407283834246" lx="1" ly="0.6592407283834246" constSeg="false"/>
    <pt x="11" y="0.6592407283834246" rx="11" ry="0.6592407283834246" lx="11" ly="0.6592407283834246" constSeg="false"/>
   </bezier>
   <bezier name="ATV-098F661E4BB02A7F">
    <pt x="1" y="0" rx="1" ry="0" lx="1" ly="0" constSeg="false"/>
    <pt x="11" y="0" rx="11" ry="0" lx="11" ly="0" constSeg="false"/>
   </bezier>
   <bezier name="ATV-098F661E4BB02A82">
    <pt x="1" y="0" rx="1" ry="0" lx="1" ly="0" constSeg="true"/>
    <pt x="8" y="0" rx="8" ry="0" lx="8" ly="0" constSeg="false"/>
    <pt x="17" y="0" rx="17" ry="0" lx="17" ly="0" constSeg="false"/>
   </bezier>
   <catmull scaleY="85.33" scaleZ="0.2222222222222222" name="ATV-098F661E4BB02A80" scaleX="113.7733333333333">
    <pt x="0" y="0" z="0" lockedInTime="1"/>
    <pt x="0.03774661991247513" y="1.041806709584388" z="0" lockedInTime="8"/>
    <pt x="0.03774661991247413" y="-1.188352410421071" z="0" lockedInTime="17"/>
   </catmull>
   <bezier name="ATV-098F661E4BB02A80_velocity">
    <pt x="1" y="0" rx="1" ry="0" lx="1" ly="0" constSeg="true"/>
    <pt x="8" y="0.3187980625830872" rx="8" ry="0.3187980625830872" lx="8" ly="0.3187980625830872" constSeg="false"/>
    <pt x="17" y="1" rx="17" ry="1" lx="17" ly="1" constSeg="false"/>
   </bezier>
   <bezier name="ATV-098F661E4BB02A83">
    <pt x="1" y="1" rx="1" ry="1" lx="1" ly="1" constSeg="true"/>
    <pt x="8" y="1.592662894057061" rx="8" ry="1.592662894057061" lx="8" ly="1.592662894057061" constSeg="false"/>
    <pt x="17" y="0.8833505866840387" rx="17" ry="0.8833505866840387" lx="17" ly="0.8833505866840387" constSeg="false"/>
   </bezier>
   <bezier name="ATV-098F661E4BB02A84">
    <pt x="1" y="1" rx="1" ry="1" lx="1" ly="1" constSeg="true"/>
    <pt x="8" y="1.592662894057061" rx="8" ry="1.592662894057061" lx="8" ly="1.592662894057061" constSeg="false"/>
    <pt x="17" y="0.8833505866840387" rx="17" ry="0.8833505866840387" lx="17" ly="0.8833505866840387" constSeg="false"/>
   </bezier>
   <bezier name="ATV-098F661E4BB02A85">
    <pt x="1" y="0" rx="1" ry="0" lx="1" ly="0" constSeg="true"/>
    <pt x="8" y="0" rx="8" ry="0" lx="8" ly="0" constSeg="false"/>
    <pt x="17" y="0" rx="17" ry="0" lx="17" ly="0" constSeg="false"/>
   </bezier>
   <pivot name="PIVOT-TV-water_2nd_down_going_drop-P">
    <pt x="303.3979460106044" y="-879.1972285601227" z="0" start="1"/>
   </pivot>
   <bezier name="ATV-098F661E4BB02A89">
    <pt x="1" y="0" rx="1" ry="0" lx="1" ly="0" constSeg="true"/>
    <pt x="8" y="0" rx="8" ry="0" lx="8" ly="0" constSeg="false"/>
    <pt x="17" y="0" rx="17" ry="0" lx="17" ly="0" constSeg="false"/>
   </bezier>
   <bezier name="ATV-098F661E4BB02A86">
    <pt x="1" y="0" rx="1" ry="0" lx="1" ly="0" constSeg="true"/>
    <pt x="8" y="0" rx="8" ry="0" lx="8" ly="0" constSeg="false"/>
    <pt x="17" y="0" rx="17" ry="0" lx="17" ly="0" constSeg="false"/>
   </bezier>
   <bezier name="ATV-098F661E4BB02A87">
    <pt x="1" y="0" rx="1" ry="0" lx="1" ly="0" constSeg="true"/>
    <pt x="8" y="0" rx="8" ry="0" lx="8" ly="0" constSeg="false"/>
    <pt x="17" y="0" rx="17" ry="0" lx="17" ly="0" constSeg="false"/>
   </bezier>
   <bezier name="ATV-098F661E4BB02A88">
    <pt x="1" y="0" rx="1" ry="0" lx="1" ly="0" constSeg="true"/>
    <pt x="8" y="0" rx="8" ry="0" lx="8" ly="0" constSeg="false"/>
    <pt x="17" y="0" rx="17" ry="0" lx="17" ly="0" constSeg="false"/>
   </bezier>
   <bezier name="ATV-098F661E4BB024BD">
    <pt x="1" y="0.6592407283834246" rx="1" ry="0.6592407283834246" lx="1" ly="0.6592407283834246" constSeg="true"/>
    <pt x="8" y="0.6592407283834246" rx="8" ry="0.6592407283834246" lx="8" ly="0.6592407283834246" constSeg="false"/>
    <pt x="17" y="0.6592407283834246" rx="17" ry="0.6592407283834246" lx="17" ly="0.6592407283834246" constSeg="false"/>
   </bezier>
   <bezier name="ATV-098F661E4BB024BE">
    <pt x="1" y="0.6592407283834246" rx="1" ry="0.6592407283834246" lx="1" ly="0.6592407283834246" constSeg="true"/>
    <pt x="8" y="0.6592407283834246" rx="8" ry="0.6592407283834246" lx="8" ly="0.6592407283834246" constSeg="false"/>
    <pt x="17" y="0.6592407283834246" rx="17" ry="0.6592407283834246" lx="17" ly="0.6592407283834246" constSeg="false"/>
   </bezier>
   <bezier name="ATV-098F661E4BB02A8A">
    <pt x="1" y="0" rx="1" ry="0" lx="1" ly="0" constSeg="true"/>
    <pt x="8" y="0" rx="8" ry="0" lx="8" ly="0" constSeg="false"/>
    <pt x="17" y="0" rx="17" ry="0" lx="17" ly="0" constSeg="false"/>
   </bezier>
   <bezier name="ATV-098F661E4BB02A8D">
    <pt x="1" y="0" rx="1" ry="0" lx="1" ly="0" constSeg="false"/>
    <pt x="4" y="0" rx="4" ry="0" lx="4" ly="0" constSeg="true"/>
    <pt x="14" y="0" rx="14" ry="0" lx="14" ly="0" constSeg="false"/>
    <pt x="19" y="0" rx="19" ry="0" lx="19" ly="0" constSeg="false"/>
   </bezier>
   <catmull scaleY="85.33" scaleZ="0.2222222222222222" name="ATV-098F661E4BB02A8B" scaleX="113.7733333333333">
    <pt x="0.01850324505465984" y="0.5140428792099512" z="0" lockedInTime="1"/>
    <pt x="0.03774661991248363" y="-0.2574200543585881" z="0" lockedInTime="4"/>
    <pt x="-0.01998350465954957" y="2.056968746289375" z="0" lockedInTime="14"/>
    <pt x="0.0120887867677786" y="0.7711971904371482" z="0" lockedInTime="19"/>
   </catmull>
   <bezier name="ATV-098F661E4BB02A8B_velocity">
    <pt x="1" y="0" rx="1" ry="0" lx="1" ly="0" constSeg="false"/>
    <pt x="4" y="0.1764705882414701" rx="4" ry="0.1764705882414701" lx="4" ly="0.1764705882414701" constSeg="true"/>
    <pt x="14" y="0.7058823529526918" rx="14" ry="0.7058823529526918" lx="14" ly="0.7058823529526918" constSeg="false"/>
    <pt x="19" y="1" rx="19" ry="1" lx="19" ly="1" constSeg="false"/>
   </bezier>
   <bezier name="ATV-098F661E4BB02A8E">
    <pt x="1" y="1" rx="1" ry="1" lx="1" ly="1" constSeg="false"/>
    <pt x="4" y="1" rx="4" ry="1" lx="4" ly="1" constSeg="true"/>
    <pt x="14" y="1" rx="14" ry="1" lx="14" ly="1" constSeg="false"/>
    <pt x="19" y="1" rx="19" ry="1" lx="19" ly="1" constSeg="false"/>
   </bezier>
   <bezier name="ATV-098F661E4BB02A8F">
    <pt x="1" y="1" rx="1" ry="1" lx="1" ly="1" constSeg="false"/>
    <pt x="4" y="1" rx="4" ry="1" lx="4" ly="1" constSeg="true"/>
    <pt x="14" y="1" rx="14" ry="1" lx="14" ly="1" constSeg="false"/>
    <pt x="19" y="1" rx="19" ry="1" lx="19" ly="1" constSeg="false"/>
   </bezier>
   <bezier name="ATV-098F661E4BB02A90">
    <pt x="1" y="0" rx="1" ry="0" lx="1" ly="0" constSeg="false"/>
    <pt x="4" y="0" rx="4" ry="0" lx="4" ly="0" constSeg="true"/>
    <pt x="14" y="0" rx="14" ry="0" lx="14" ly="0" constSeg="false"/>
    <pt x="19" y="0" rx="19" ry="0" lx="19" ly="0" constSeg="false"/>
   </bezier>
   <pivot name="PIVOT-TV-water_3rd_down_going_drop-P">
    <pt x="304.9136682120285" y="-949.1101073860388" z="0" start="1"/>
   </pivot>
   <bezier name="ATV-098F661E4BB02A94">
    <pt x="1" y="0" rx="1" ry="0" lx="1" ly="0" constSeg="false"/>
    <pt x="4" y="0" rx="4" ry="0" lx="4" ly="0" constSeg="true"/>
    <pt x="14" y="0" rx="14" ry="0" lx="14" ly="0" constSeg="false"/>
    <pt x="19" y="0" rx="19" ry="0" lx="19" ly="0" constSeg="false"/>
   </bezier>
   <bezier name="ATV-098F661E4BB02A91">
    <pt x="1" y="0" rx="1" ry="0" lx="1" ly="0" constSeg="false"/>
    <pt x="4" y="0" rx="4" ry="0" lx="4" ly="0" constSeg="true"/>
    <pt x="14" y="0" rx="14" ry="0" lx="14" ly="0" constSeg="false"/>
    <pt x="19" y="0" rx="19" ry="0" lx="19" ly="0" constSeg="false"/>
   </bezier>
   <bezier name="ATV-098F661E4BB02A92">
    <pt x="1" y="0" rx="1" ry="0" lx="1" ly="0" constSeg="false"/>
    <pt x="4" y="0" rx="4" ry="0" lx="4" ly="0" constSeg="true"/>
    <pt x="14" y="0" rx="14" ry="0" lx="14" ly="0" constSeg="false"/>
    <pt x="19" y="0" rx="19" ry="0" lx="19" ly="0" constSeg="false"/>
   </bezier>
   <bezier name="ATV-098F661E4BB02A93">
    <pt x="1" y="0" rx="1" ry="0" lx="1" ly="0" constSeg="false"/>
    <pt x="4" y="0" rx="4" ry="0" lx="4" ly="0" constSeg="true"/>
    <pt x="14" y="0" rx="14" ry="0" lx="14" ly="0" constSeg="false"/>
    <pt x="19" y="0" rx="19" ry="0" lx="19" ly="0" constSeg="false"/>
   </bezier>
   <bezier name="ATV-098F661E4BB024CB">
    <pt x="1" y="0.6592407283834246" rx="1" ry="0.6592407283834246" lx="1" ly="0.6592407283834246" constSeg="false"/>
    <pt x="4" y="0.6592407283834246" rx="4" ry="0.6592407283834246" lx="4" ly="0.6592407283834246" constSeg="true"/>
    <pt x="14" y="0.6592407283834246" rx="14" ry="0.6592407283834246" lx="14" ly="0.6592407283834246" constSeg="false"/>
    <pt x="19" y="0.6592407283834246" rx="19" ry="0.6592407283834246" lx="19" ly="0.6592407283834246" constSeg="false"/>
   </bezier>
   <bezier name="ATV-098F661E4BB024CC">
    <pt x="1" y="0.6592407283834246" rx="1" ry="0.6592407283834246" lx="1" ly="0.6592407283834246" constSeg="false"/>
    <pt x="4" y="0.6592407283834246" rx="4" ry="0.6592407283834246" lx="4" ly="0.6592407283834246" constSeg="true"/>
    <pt x="14" y="0.6592407283834246" rx="14" ry="0.6592407283834246" lx="14" ly="0.6592407283834246" constSeg="false"/>
    <pt x="19" y="0.6592407283834246" rx="19" ry="0.6592407283834246" lx="19" ly="0.6592407283834246" constSeg="false"/>
   </bezier>
   <bezier name="ATV-098F661E4BB02A95">
    <pt x="1" y="0" rx="1" ry="0" lx="1" ly="0" constSeg="false"/>
    <pt x="4" y="0" rx="4" ry="0" lx="4" ly="0" constSeg="true"/>
    <pt x="14" y="0" rx="14" ry="0" lx="14" ly="0" constSeg="false"/>
    <pt x="19" y="0" rx="19" ry="0" lx="19" ly="0" constSeg="false"/>
   </bezier>
   <bezier name="ATV-098F661E4BB02AA3">
    <pt x="1" y="0" rx="1" ry="0" lx="1" ly="0" constSeg="false"/>
    <pt x="4" y="0" rx="4" ry="0" lx="4" ly="0" constSeg="false"/>
    <pt x="7" y="0" rx="7" ry="0" lx="7" ly="0" constSeg="false"/>
    <pt x="10" y="0" rx="10" ry="0" lx="10" ly="0" constSeg="false"/>
    <pt x="13" y="0" rx="13" ry="0" lx="13" ly="0" constSeg="false"/>
    <pt x="16" y="0" rx="16" ry="0" lx="16" ly="0" constSeg="false"/>
    <pt x="19" y="0" rx="19" ry="0" lx="19" ly="0" constSeg="false"/>
   </bezier>
   <catmull scaleY="85.33" scaleZ="0.2222222222222222" name="ATV-098F661E4BB02AA1" scaleX="113.7733333333333">
    <pt x="0" y="0" z="0" lockedInTime="1"/>
    <pt x="0" y="0" z="0" lockedInTime="4"/>
    <pt x="0" y="0" z="0" lockedInTime="7"/>
    <pt x="0" y="0" z="0" lockedInTime="10"/>
    <pt x="0" y="0" z="0" lockedInTime="13"/>
    <pt x="0" y="0" z="0" lockedInTime="16"/>
    <pt x="0" y="0" z="0" lockedInTime="19"/>
   </catmull>
   <bezier name="ATV-098F661E4BB02AA1_velocity">
    <pt x="1" y="0" rx="1" ry="0" lx="1" ly="0" constSeg="false"/>
    <pt x="4" y="0.1666666666666661" rx="4" ry="0.1666666666666661" lx="4" ly="0.1666666666666661" constSeg="false"/>
    <pt x="7" y="0.3333333333333322" rx="7" ry="0.3333333333333322" lx="7" ly="0.3333333333333322" constSeg="false"/>
    <pt x="10" y="0.4999999999999991" rx="10" ry="0.4999999999999991" lx="10" ly="0.4999999999999991" constSeg="false"/>
    <pt x="13" y="0.6666666666666661" rx="13" ry="0.6666666666666661" lx="13" ly="0.6666666666666661" constSeg="false"/>
    <pt x="16" y="0.833333333333333" rx="16" ry="0.833333333333333" lx="16" ly="0.833333333333333" constSeg="false"/>
    <pt x="19" y="1" rx="19" ry="1" lx="19" ly="1" constSeg="false"/>
   </bezier>
   <bezier name="ATV-098F661E4BB02AA4">
    <pt x="1" y="1" rx="1" ry="1" lx="1" ly="1" constSeg="false"/>
    <pt x="4" y="1" rx="4" ry="1" lx="4" ly="1" constSeg="false"/>
    <pt x="7" y="1" rx="7" ry="1" lx="7" ly="1" constSeg="false"/>
    <pt x="10" y="1" rx="10" ry="1" lx="10" ly="1" constSeg="false"/>
    <pt x="13" y="1" rx="13" ry="1" lx="13" ly="1" constSeg="false"/>
    <pt x="16" y="1" rx="16" ry="1" lx="16" ly="1" constSeg="false"/>
    <pt x="19" y="1" rx="19" ry="1" lx="19" ly="1" constSeg="false"/>
   </bezier>
   <bezier name="ATV-098F661E4BB02AA5">
    <pt x="1" y="1" rx="1" ry="1" lx="1" ly="1" constSeg="false"/>
    <pt x="4" y="1" rx="4" ry="1" lx="4" ly="1" constSeg="false"/>
    <pt x="7" y="1" rx="7" ry="1" lx="7" ly="1" constSeg="false"/>
    <pt x="10" y="1" rx="10" ry="1" lx="10" ly="1" constSeg="false"/>
    <pt x="13" y="1" rx="13" ry="1" lx="13" ly="1" constSeg="false"/>
    <pt x="16" y="1" rx="16" ry="1" lx="16" ly="1" constSeg="false"/>
    <pt x="19" y="1" rx="19" ry="1" lx="19" ly="1" constSeg="false"/>
   </bezier>
   <bezier name="ATV-098F661E4BB02AA6">
    <pt x="1" y="0" rx="1" ry="0" lx="1" ly="0" constSeg="false"/>
    <pt x="4" y="0" rx="4" ry="0" lx="4" ly="0" constSeg="false"/>
    <pt x="7" y="0" rx="7" ry="0" lx="7" ly="0" constSeg="false"/>
    <pt x="10" y="0" rx="10" ry="0" lx="10" ly="0" constSeg="false"/>
    <pt x="13" y="0" rx="13" ry="0" lx="13" ly="0" constSeg="false"/>
    <pt x="16" y="0" rx="16" ry="0" lx="16" ly="0" constSeg="false"/>
    <pt x="19" y="0" rx="19" ry="0" lx="19" ly="0" constSeg="false"/>
   </bezier>
   <bezier name="ATV-098F661E4BB02AAA">
    <pt x="1" y="0" rx="1" ry="0" lx="1" ly="0" constSeg="false"/>
    <pt x="4" y="0" rx="4" ry="0" lx="4" ly="0" constSeg="false"/>
    <pt x="7" y="0" rx="7" ry="0" lx="7" ly="0" constSeg="false"/>
    <pt x="10" y="0" rx="10" ry="0" lx="10" ly="0" constSeg="false"/>
    <pt x="13" y="0" rx="13" ry="0" lx="13" ly="0" constSeg="false"/>
    <pt x="16" y="0" rx="16" ry="0" lx="16" ly="0" constSeg="false"/>
    <pt x="19" y="0" rx="19" ry="0" lx="19" ly="0" constSeg="false"/>
   </bezier>
   <bezier name="ATV-098F661E4BB02AA7">
    <pt x="1" y="0" rx="1" ry="0" lx="1" ly="0" constSeg="false"/>
    <pt x="4" y="0" rx="4" ry="0" lx="4" ly="0" constSeg="false"/>
    <pt x="7" y="0" rx="7" ry="0" lx="7" ly="0" constSeg="false"/>
    <pt x="10" y="0" rx="10" ry="0" lx="10" ly="0" constSeg="false"/>
    <pt x="13" y="0" rx="13" ry="0" lx="13" ly="0" constSeg="false"/>
    <pt x="16" y="0" rx="16" ry="0" lx="16" ly="0" constSeg="false"/>
    <pt x="19" y="0" rx="19" ry="0" lx="19" ly="0" constSeg="false"/>
   </bezier>
   <bezier name="ATV-098F661E4BB02AA8">
    <pt x="1" y="0" rx="1" ry="0" lx="1" ly="0" constSeg="false"/>
    <pt x="4" y="0" rx="4" ry="0" lx="4" ly="0" constSeg="false"/>
    <pt x="7" y="0" rx="7" ry="0" lx="7" ly="0" constSeg="false"/>
    <pt x="10" y="0" rx="10" ry="0" lx="10" ly="0" constSeg="false"/>
    <pt x="13" y="0" rx="13" ry="0" lx="13" ly="0" constSeg="false"/>
    <pt x="16" y="0" rx="16" ry="0" lx="16" ly="0" constSeg="false"/>
    <pt x="19" y="0" rx="19" ry="0" lx="19" ly="0" constSeg="false"/>
   </bezier>
   <bezier name="ATV-098F661E4BB02AA9">
    <pt x="1" y="0" rx="1" ry="0" lx="1" ly="0" constSeg="false"/>
    <pt x="4" y="0" rx="4" ry="0" lx="4" ly="0" constSeg="false"/>
    <pt x="7" y="0" rx="7" ry="0" lx="7" ly="0" constSeg="false"/>
    <pt x="10" y="0" rx="10" ry="0" lx="10" ly="0" constSeg="false"/>
    <pt x="13" y="0" rx="13" ry="0" lx="13" ly="0" constSeg="false"/>
    <pt x="16" y="0" rx="16" ry="0" lx="16" ly="0" constSeg="false"/>
    <pt x="19" y="0" rx="19" ry="0" lx="19" ly="0" constSeg="false"/>
   </bezier>
   <bezier name="ATV-098F661E4BB024C5">
    <pt x="1" y="0.6592407283834246" rx="1" ry="0.6592407283834246" lx="1" ly="0.6592407283834246" constSeg="false"/>
    <pt x="4" y="0.6592407283834246" rx="4" ry="0.6592407283834246" lx="4" ly="0.6592407283834246" constSeg="false"/>
    <pt x="7" y="0.6592407283834246" rx="7" ry="0.6592407283834246" lx="7" ly="0.6592407283834246" constSeg="false"/>
    <pt x="10" y="0.6592407283834246" rx="10" ry="0.6592407283834246" lx="10" ly="0.6592407283834246" constSeg="false"/>
    <pt x="13" y="0.6592407283834246" rx="13" ry="0.6592407283834246" lx="13" ly="0.6592407283834246" constSeg="false"/>
    <pt x="16" y="0.6592407283834246" rx="16" ry="0.6592407283834246" lx="16" ly="0.6592407283834246" constSeg="false"/>
    <pt x="19" y="0.6592407283834246" rx="19" ry="0.6592407283834246" lx="19" ly="0.6592407283834246" constSeg="false"/>
   </bezier>
   <bezier name="ATV-098F661E4BB024C6">
    <pt x="1" y="0.6592407283834246" rx="1" ry="0.6592407283834246" lx="1" ly="0.6592407283834246" constSeg="false"/>
    <pt x="4" y="0.6592407283834246" rx="4" ry="0.6592407283834246" lx="4" ly="0.6592407283834246" constSeg="false"/>
    <pt x="7" y="0.6592407283834246" rx="7" ry="0.6592407283834246" lx="7" ly="0.6592407283834246" constSeg="false"/>
    <pt x="10" y="0.6592407283834246" rx="10" ry="0.6592407283834246" lx="10" ly="0.6592407283834246" constSeg="false"/>
    <pt x="13" y="0.6592407283834246" rx="13" ry="0.6592407283834246" lx="13" ly="0.6592407283834246" constSeg="false"/>
    <pt x="16" y="0.6592407283834246" rx="16" ry="0.6592407283834246" lx="16" ly="0.6592407283834246" constSeg="false"/>
    <pt x="19" y="0.6592407283834246" rx="19" ry="0.6592407283834246" lx="19" ly="0.6592407283834246" constSeg="false"/>
   </bezier>
   <bezier name="ATV-098F661E4BB02AAB">
    <pt x="1" y="0" rx="1" ry="0" lx="1" ly="0" constSeg="false"/>
    <pt x="4" y="0" rx="4" ry="0" lx="4" ly="0" constSeg="false"/>
    <pt x="7" y="0" rx="7" ry="0" lx="7" ly="0" constSeg="false"/>
    <pt x="10" y="0" rx="10" ry="0" lx="10" ly="0" constSeg="false"/>
    <pt x="13" y="0" rx="13" ry="0" lx="13" ly="0" constSeg="false"/>
    <pt x="16" y="0" rx="16" ry="0" lx="16" ly="0" constSeg="false"/>
    <pt x="19" y="0" rx="19" ry="0" lx="19" ly="0" constSeg="false"/>
   </bezier>
   <bezier name="ATV-098F661E4BB02A98">
    <pt x="1" y="0" rx="1" ry="0" lx="1" ly="0" constSeg="false"/>
    <pt x="4" y="0" rx="4" ry="0" lx="4" ly="0" constSeg="false"/>
    <pt x="7" y="0" rx="7" ry="0" lx="7" ly="0" constSeg="false"/>
    <pt x="10" y="0" rx="10" ry="0" lx="10" ly="0" constSeg="false"/>
    <pt x="13" y="0" rx="13" ry="0" lx="13" ly="0" constSeg="false"/>
    <pt x="16" y="0" rx="16" ry="0" lx="16" ly="0" constSeg="false"/>
    <pt x="19" y="0" rx="19" ry="0" lx="19" ly="0" constSeg="false"/>
   </bezier>
   <catmull scaleY="85.33" scaleZ="0.2222222222222222" name="ATV-098F661E4BB02A96" scaleX="113.7733333333333">
    <pt x="0" y="0" z="0" lockedInTime="1"/>
    <pt x="0" y="0" z="0" lockedInTime="4"/>
    <pt x="0" y="0" z="0" lockedInTime="7"/>
    <pt x="0" y="0" z="0" lockedInTime="10"/>
    <pt x="0" y="0" z="0" lockedInTime="13"/>
    <pt x="0" y="0" z="0" lockedInTime="16"/>
    <pt x="0" y="0" z="0" lockedInTime="19"/>
   </catmull>
   <bezier name="ATV-098F661E4BB02A96_velocity">
    <pt x="1" y="0" rx="1" ry="0" lx="1" ly="0" constSeg="false"/>
    <pt x="4" y="0.1666666666666661" rx="4" ry="0.1666666666666661" lx="4" ly="0.1666666666666661" constSeg="false"/>
    <pt x="7" y="0.3333333333333322" rx="7" ry="0.3333333333333322" lx="7" ly="0.3333333333333322" constSeg="false"/>
    <pt x="10" y="0.4999999999999991" rx="10" ry="0.4999999999999991" lx="10" ly="0.4999999999999991" constSeg="false"/>
    <pt x="13" y="0.6666666666666661" rx="13" ry="0.6666666666666661" lx="13" ly="0.6666666666666661" constSeg="false"/>
    <pt x="16" y="0.833333333333333" rx="16" ry="0.833333333333333" lx="16" ly="0.833333333333333" constSeg="false"/>
    <pt x="19" y="1" rx="19" ry="1" lx="19" ly="1" constSeg="false"/>
   </bezier>
   <bezier name="ATV-098F661E4BB02A99">
    <pt x="1" y="1" rx="1" ry="1" lx="1" ly="1" constSeg="false"/>
    <pt x="4" y="1" rx="4" ry="1" lx="4" ly="1" constSeg="false"/>
    <pt x="7" y="1" rx="7" ry="1" lx="7" ly="1" constSeg="false"/>
    <pt x="10" y="1" rx="10" ry="1" lx="10" ly="1" constSeg="false"/>
    <pt x="13" y="1" rx="13" ry="1" lx="13" ly="1" constSeg="false"/>
    <pt x="16" y="1" rx="16" ry="1" lx="16" ly="1" constSeg="false"/>
    <pt x="19" y="1" rx="19" ry="1" lx="19" ly="1" constSeg="false"/>
   </bezier>
   <bezier name="ATV-098F661E4BB02A9A">
    <pt x="1" y="1" rx="1" ry="1" lx="1" ly="1" constSeg="false"/>
    <pt x="4" y="1" rx="4" ry="1" lx="4" ly="1" constSeg="false"/>
    <pt x="7" y="1" rx="7" ry="1" lx="7" ly="1" constSeg="false"/>
    <pt x="10" y="1" rx="10" ry="1" lx="10" ly="1" constSeg="false"/>
    <pt x="13" y="1" rx="13" ry="1" lx="13" ly="1" constSeg="false"/>
    <pt x="16" y="1" rx="16" ry="1" lx="16" ly="1" constSeg="false"/>
    <pt x="19" y="1" rx="19" ry="1" lx="19" ly="1" constSeg="false"/>
   </bezier>
   <bezier name="ATV-098F661E4BB02A9B">
    <pt x="1" y="0" rx="1" ry="0" lx="1" ly="0" constSeg="false"/>
    <pt x="4" y="0" rx="4" ry="0" lx="4" ly="0" constSeg="false"/>
    <pt x="7" y="0" rx="7" ry="0" lx="7" ly="0" constSeg="false"/>
    <pt x="10" y="0" rx="10" ry="0" lx="10" ly="0" constSeg="false"/>
    <pt x="13" y="0" rx="13" ry="0" lx="13" ly="0" constSeg="false"/>
    <pt x="16" y="0" rx="16" ry="0" lx="16" ly="0" constSeg="false"/>
    <pt x="19" y="0" rx="19" ry="0" lx="19" ly="0" constSeg="false"/>
   </bezier>
   <bezier name="ATV-098F661E4BB02A9F">
    <pt x="1" y="0" rx="1" ry="0" lx="1" ly="0" constSeg="false"/>
    <pt x="4" y="0" rx="4" ry="0" lx="4" ly="0" constSeg="false"/>
    <pt x="7" y="0" rx="7" ry="0" lx="7" ly="0" constSeg="false"/>
    <pt x="10" y="0" rx="10" ry="0" lx="10" ly="0" constSeg="false"/>
    <pt x="13" y="0" rx="13" ry="0" lx="13" ly="0" constSeg="false"/>
    <pt x="16" y="0" rx="16" ry="0" lx="16" ly="0" constSeg="false"/>
    <pt x="19" y="0" rx="19" ry="0" lx="19" ly="0" constSeg="false"/>
   </bezier>
   <bezier name="ATV-098F661E4BB02A9C">
    <pt x="1" y="0" rx="1" ry="0" lx="1" ly="0" constSeg="false"/>
    <pt x="4" y="0" rx="4" ry="0" lx="4" ly="0" constSeg="false"/>
    <pt x="7" y="0" rx="7" ry="0" lx="7" ly="0" constSeg="false"/>
    <pt x="10" y="0" rx="10" ry="0" lx="10" ly="0" constSeg="false"/>
    <pt x="13" y="0" rx="13" ry="0" lx="13" ly="0" constSeg="false"/>
    <pt x="16" y="0" rx="16" ry="0" lx="16" ly="0" constSeg="false"/>
    <pt x="19" y="0" rx="19" ry="0" lx="19" ly="0" constSeg="false"/>
   </bezier>
   <bezier name="ATV-098F661E4BB02A9D">
    <pt x="1" y="0" rx="1" ry="0" lx="1" ly="0" constSeg="false"/>
    <pt x="4" y="0" rx="4" ry="0" lx="4" ly="0" constSeg="false"/>
    <pt x="7" y="0" rx="7" ry="0" lx="7" ly="0" constSeg="false"/>
    <pt x="10" y="0" rx="10" ry="0" lx="10" ly="0" constSeg="false"/>
    <pt x="13" y="0" rx="13" ry="0" lx="13" ly="0" constSeg="false"/>
    <pt x="16" y="0" rx="16" ry="0" lx="16" ly="0" constSeg="false"/>
    <pt x="19" y="0" rx="19" ry="0" lx="19" ly="0" constSeg="false"/>
   </bezier>
   <bezier name="ATV-098F661E4BB02A9E">
    <pt x="1" y="0" rx="1" ry="0" lx="1" ly="0" constSeg="false"/>
    <pt x="4" y="0" rx="4" ry="0" lx="4" ly="0" constSeg="false"/>
    <pt x="7" y="0" rx="7" ry="0" lx="7" ly="0" constSeg="false"/>
    <pt x="10" y="0" rx="10" ry="0" lx="10" ly="0" constSeg="false"/>
    <pt x="13" y="0" rx="13" ry="0" lx="13" ly="0" constSeg="false"/>
    <pt x="16" y="0" rx="16" ry="0" lx="16" ly="0" constSeg="false"/>
    <pt x="19" y="0" rx="19" ry="0" lx="19" ly="0" constSeg="false"/>
   </bezier>
   <bezier name="ATV-098F661E4BB024BF">
    <pt x="1" y="0.6592407283834246" rx="1" ry="0.6592407283834246" lx="1" ly="0.6592407283834246" constSeg="false"/>
    <pt x="4" y="0.6592407283834246" rx="4" ry="0.6592407283834246" lx="4" ly="0.6592407283834246" constSeg="false"/>
    <pt x="7" y="0.6592407283834246" rx="7" ry="0.6592407283834246" lx="7" ly="0.6592407283834246" constSeg="false"/>
    <pt x="10" y="0.6592407283834246" rx="10" ry="0.6592407283834246" lx="10" ly="0.6592407283834246" constSeg="false"/>
    <pt x="13" y="0.6592407283834246" rx="13" ry="0.6592407283834246" lx="13" ly="0.6592407283834246" constSeg="false"/>
    <pt x="16" y="0.6592407283834246" rx="16" ry="0.6592407283834246" lx="16" ly="0.6592407283834246" constSeg="false"/>
    <pt x="19" y="0.6592407283834246" rx="19" ry="0.6592407283834246" lx="19" ly="0.6592407283834246" constSeg="false"/>
   </bezier>
   <bezier name="ATV-098F661E4BB024C0">
    <pt x="1" y="0.6592407283834246" rx="1" ry="0.6592407283834246" lx="1" ly="0.6592407283834246" constSeg="false"/>
    <pt x="4" y="0.6592407283834246" rx="4" ry="0.6592407283834246" lx="4" ly="0.6592407283834246" constSeg="false"/>
    <pt x="7" y="0.6592407283834246" rx="7" ry="0.6592407283834246" lx="7" ly="0.6592407283834246" constSeg="false"/>
    <pt x="10" y="0.6592407283834246" rx="10" ry="0.6592407283834246" lx="10" ly="0.6592407283834246" constSeg="false"/>
    <pt x="13" y="0.6592407283834246" rx="13" ry="0.6592407283834246" lx="13" ly="0.6592407283834246" constSeg="false"/>
    <pt x="16" y="0.6592407283834246" rx="16" ry="0.6592407283834246" lx="16" ly="0.6592407283834246" constSeg="false"/>
    <pt x="19" y="0.6592407283834246" rx="19" ry="0.6592407283834246" lx="19" ly="0.6592407283834246" constSeg="false"/>
   </bezier>
   <bezier name="ATV-098F661E4BB02AA0">
    <pt x="1" y="0" rx="1" ry="0" lx="1" ly="0" constSeg="false"/>
    <pt x="4" y="0" rx="4" ry="0" lx="4" ly="0" constSeg="false"/>
    <pt x="7" y="0" rx="7" ry="0" lx="7" ly="0" constSeg="false"/>
    <pt x="10" y="0" rx="10" ry="0" lx="10" ly="0" constSeg="false"/>
    <pt x="13" y="0" rx="13" ry="0" lx="13" ly="0" constSeg="false"/>
    <pt x="16" y="0" rx="16" ry="0" lx="16" ly="0" constSeg="false"/>
    <pt x="19" y="0" rx="19" ry="0" lx="19" ly="0" constSeg="false"/>
   </bezier>
   <catmull scaleY="85.33" scaleZ="0.2222222222222222" name="ATV-098F661E4BB02AAC" scaleX="113.7733333333333">
    <pt x="0" y="0" z="0" lockedInTime="1"/>
   </catmull>
   <bezier name="ATV-098F6C2048602F14">
    <pt x="1" y="0" rx="1" ry="0" lx="1" ly="0" constSeg="false"/>
    <pt x="7" y="0" rx="7" ry="0" lx="7" ly="0" constSeg="true"/>
    <pt x="10" y="0" rx="10" ry="0" lx="10" ly="0" constSeg="false"/>
    <pt x="16" y="0" rx="16" ry="0" lx="16" ly="0" constSeg="true"/>
   </bezier>
   <catmull scaleY="85.33" scaleZ="0.2222222222222222" name="ATV-098F6C2048602F12" scaleX="113.7733333333333">
    <pt x="0" y="0" z="0" lockedInTime="1"/>
    <pt x="0" y="0" z="0" lockedInTime="7"/>
    <pt x="0" y="0" z="0" lockedInTime="10"/>
    <pt x="0" y="0" z="0" lockedInTime="16"/>
   </catmull>
   <bezier name="ATV-098F6C2048602F12_velocity">
    <pt x="1" y="0" rx="1" ry="0" lx="1" ly="0" constSeg="false"/>
    <pt x="7" y="0.3999999999999988" rx="7" ry="0.3999999999999988" lx="7" ly="0.3999999999999988" constSeg="true"/>
    <pt x="10" y="0.5999999999999993" rx="10" ry="0.5999999999999993" lx="10" ly="0.5999999999999993" constSeg="false"/>
    <pt x="16" y="1" rx="16" ry="1" lx="16" ly="1" constSeg="true"/>
   </bezier>
   <bezier name="ATV-098F6C2048602F15">
    <pt x="1" y="0.5588889560526614" rx="1" ry="0.5588889560526614" lx="1" ly="0.5588889560526614" constSeg="false"/>
    <pt x="7" y="1.477887985229617" rx="7" ry="1.477887985229617" lx="7" ly="1.477887985229617" constSeg="true"/>
    <pt x="10" y="0.5588889560526614" rx="10" ry="0.5588889560526614" lx="10" ly="0.5588889560526614" constSeg="false"/>
    <pt x="16" y="1.477887985229617" rx="16" ry="1.477887985229617" lx="16" ly="1.477887985229617" constSeg="true"/>
   </bezier>
   <bezier name="ATV-098F6C2048602F16">
    <pt x="1" y="0.5588889560526614" rx="1" ry="0.5588889560526614" lx="1" ly="0.5588889560526614" constSeg="false"/>
    <pt x="7" y="1.477887985229617" rx="7" ry="1.477887985229617" lx="7" ly="1.477887985229617" constSeg="true"/>
    <pt x="10" y="0.5588889560526614" rx="10" ry="0.5588889560526614" lx="10" ly="0.5588889560526614" constSeg="false"/>
    <pt x="16" y="1.477887985229617" rx="16" ry="1.477887985229617" lx="16" ly="1.477887985229617" constSeg="true"/>
   </bezier>
   <bezier name="ATV-098F6C2048602F17">
    <pt x="1" y="0" rx="1" ry="0" lx="1" ly="0" constSeg="false"/>
    <pt x="7" y="0" rx="7" ry="0" lx="7" ly="0" constSeg="true"/>
    <pt x="10" y="0" rx="10" ry="0" lx="10" ly="0" constSeg="false"/>
    <pt x="16" y="0" rx="16" ry="0" lx="16" ly="0" constSeg="true"/>
   </bezier>
   <pivot name="PIVOT-TV-water_r_wave-P">
    <pt x="85.89117539017929" y="-677.0750831787029" z="0" start="1"/>
   </pivot>
   <bezier name="ATV-098F6C2048602F19">
    <pt x="1" y="0" rx="1" ry="0" lx="1" ly="0" constSeg="false"/>
    <pt x="7" y="0" rx="7" ry="0" lx="7" ly="0" constSeg="true"/>
    <pt x="10" y="0" rx="10" ry="0" lx="10" ly="0" constSeg="false"/>
    <pt x="16" y="0" rx="16" ry="0" lx="16" ly="0" constSeg="false"/>
   </bezier>
   <bezier name="ATV-098F6C204860157A">
    <pt x="1" y="18.69396170256801" rx="1" ry="18.69396170256801" lx="1" ly="18.69396170256801" constSeg="false"/>
    <pt x="7" y="18.69396170256801" rx="7" ry="18.69396170256801" lx="7" ly="18.69396170256801" constSeg="true"/>
    <pt x="10" y="18.69396170256801" rx="10" ry="18.69396170256801" lx="10" ly="18.69396170256801" constSeg="false"/>
    <pt x="16" y="18.69396170256801" rx="16" ry="18.69396170256801" lx="16" ly="18.69396170256801" constSeg="false"/>
   </bezier>
   <bezier name="ATV-098F6C204860157B">
    <pt x="1" y="-145.9644739424867" rx="1" ry="-145.9644739424867" lx="1" ly="-145.9644739424867" constSeg="false"/>
    <pt x="7" y="-145.9644739424867" rx="7" ry="-145.9644739424867" lx="7" ly="-145.9644739424867" constSeg="true"/>
    <pt x="10" y="-145.9644739424867" rx="10" ry="-145.9644739424867" lx="10" ly="-145.9644739424867" constSeg="false"/>
    <pt x="16" y="-145.9644739424867" rx="16" ry="-145.9644739424867" lx="16" ly="-145.9644739424867" constSeg="false"/>
   </bezier>
   <bezier name="ATV-098F6C2048602F18">
    <pt x="1" y="0" rx="1" ry="0" lx="1" ly="0" constSeg="false"/>
    <pt x="7" y="0" rx="7" ry="0" lx="7" ly="0" constSeg="true"/>
    <pt x="10" y="0" rx="10" ry="0" lx="10" ly="0" constSeg="false"/>
    <pt x="16" y="0" rx="16" ry="0" lx="16" ly="0" constSeg="false"/>
   </bezier>
   <bezier name="ATV-098F6C20486019F0">
    <pt x="1" y="0.5070801721657851" rx="1" ry="0.5070801721657851" lx="1" ly="0.5070801721657851" constSeg="false"/>
    <pt x="7" y="0.5070801721657851" rx="7" ry="0.5070801721657851" lx="7" ly="0.5070801721657851" constSeg="true"/>
    <pt x="10" y="0.5070801721657851" rx="10" ry="0.5070801721657851" lx="10" ly="0.5070801721657851" constSeg="false"/>
    <pt x="16" y="0.5070801721657851" rx="16" ry="0.5070801721657851" lx="16" ly="0.5070801721657851" constSeg="false"/>
   </bezier>
   <bezier name="ATV-098F6C20486019F1">
    <pt x="1" y="0.5070801721657851" rx="1" ry="0.5070801721657851" lx="1" ly="0.5070801721657851" constSeg="false"/>
    <pt x="7" y="0.5070801721657851" rx="7" ry="0.5070801721657851" lx="7" ly="0.5070801721657851" constSeg="true"/>
    <pt x="10" y="0.5070801721657851" rx="10" ry="0.5070801721657851" lx="10" ly="0.5070801721657851" constSeg="false"/>
    <pt x="16" y="0.5070801721657851" rx="16" ry="0.5070801721657851" lx="16" ly="0.5070801721657851" constSeg="false"/>
   </bezier>
   <bezier name="ATV-098F6C2048602F1A">
    <pt x="1" y="0" rx="1" ry="0" lx="1" ly="0" constSeg="false"/>
    <pt x="7" y="0" rx="7" ry="0" lx="7" ly="0" constSeg="true"/>
    <pt x="10" y="0" rx="10" ry="0" lx="10" ly="0" constSeg="false"/>
    <pt x="16" y="0" rx="16" ry="0" lx="16" ly="0" constSeg="false"/>
   </bezier>
   <catmull scaleY="85.33" scaleZ="0.2222222222222222" name="ATV-098F6C2048602F1B" scaleX="113.7733333333333">
    <pt x="0" y="0" z="0" lockedInTime="1"/>
   </catmull>
   <bezier name="ATV-098F6C2048602F1E">
    <pt x="1" y="0.4304881558922526" rx="1" ry="0.4304881558922526" lx="1" ly="0.4304881558922526" constSeg="false"/>
    <pt x="16" y="2.655354123628861" rx="16" ry="2.655354123628861" lx="16" ly="2.655354123628861" constSeg="false"/>
   </bezier>
   <bezier name="ATV-098F6C2048602F1F">
    <pt x="1" y="0.5252760483462554" rx="1" ry="0.5252760483462554" lx="1" ly="0.5252760483462554" constSeg="false"/>
    <pt x="16" y="1.708169424473029" rx="16" ry="1.708169424473029" lx="16" ly="1.708169424473029" constSeg="false"/>
   </bezier>
   <pivot name="PIVOT-TV-water_l_wave-P">
    <pt x="77.80730005933913" y="-680.2581090902213" z="0" start="1"/>
   </pivot>
   <bezier name="ATV-098F6C2048602F22">
    <pt x="1" y="0" rx="1" ry="0" lx="1" ly="0" constSeg="false"/>
    <pt x="16" y="0" rx="16" ry="0" lx="16" ly="0" constSeg="false"/>
   </bezier>
   <bezier name="ATV-098F6C2048601578">
    <pt x="1" y="18.69396170256801" rx="1" ry="18.69396170256801" lx="1" ly="18.69396170256801" constSeg="false"/>
    <pt x="16" y="18.69396170256801" rx="16" ry="18.69396170256801" lx="16" ly="18.69396170256801" constSeg="false"/>
   </bezier>
   <bezier name="ATV-098F6C2048601579">
    <pt x="1" y="-145.9644739424867" rx="1" ry="-145.9644739424867" lx="1" ly="-145.9644739424867" constSeg="false"/>
    <pt x="16" y="-145.9644739424867" rx="16" ry="-145.9644739424867" lx="16" ly="-145.9644739424867" constSeg="false"/>
   </bezier>
   <bezier name="ATV-098F6C2048602F21">
    <pt x="1" y="0" rx="1" ry="0" lx="1" ly="0" constSeg="false"/>
    <pt x="16" y="0" rx="16" ry="0" lx="16" ly="0" constSeg="false"/>
   </bezier>
   <bezier name="ATV-098F6C20486019EE">
    <pt x="1" y="0.5070801721657851" rx="1" ry="0.5070801721657851" lx="1" ly="0.5070801721657851" constSeg="false"/>
    <pt x="16" y="0.5070801721657851" rx="16" ry="0.5070801721657851" lx="16" ly="0.5070801721657851" constSeg="false"/>
   </bezier>
   <bezier name="ATV-098F6C20486019EF">
    <pt x="1" y="0.5070801721657851" rx="1" ry="0.5070801721657851" lx="1" ly="0.5070801721657851" constSeg="false"/>
    <pt x="16" y="0.5070801721657851" rx="16" ry="0.5070801721657851" lx="16" ly="0.5070801721657851" constSeg="false"/>
   </bezier>
   <bezier name="ATV-098F6C2048602F23">
    <pt x="1" y="0" rx="1" ry="0" lx="1" ly="0" constSeg="false"/>
    <pt x="16" y="0" rx="16" ry="0" lx="16" ly="0" constSeg="false"/>
   </bezier>
   <bezier name="ATV-098F6C2048602F26">
    <pt x="1" y="0" rx="1" ry="0" lx="1" ly="0" constSeg="false"/>
    <pt x="7" y="0" rx="7" ry="0" lx="7" ly="0" constSeg="true"/>
    <pt x="10" y="0" rx="10" ry="0" lx="10" ly="0" constSeg="false"/>
    <pt x="19" y="0" rx="19" ry="0" lx="19" ly="0" constSeg="false"/>
   </bezier>
   <catmull scaleY="85.33" scaleZ="0.2222222222222222" name="ATV-098F6C2048602F24" scaleX="113.7733333333333">
    <pt x="0" y="0" z="0" lockedInTime="1"/>
    <pt x="0" y="0" z="0" lockedInTime="7"/>
    <pt x="0" y="0" z="0" lockedInTime="10"/>
    <pt x="0" y="0" z="0" lockedInTime="19"/>
   </catmull>
   <bezier name="ATV-098F6C2048602F24_velocity">
    <pt x="1" y="0" rx="1" ry="0" lx="1" ly="0" constSeg="false"/>
    <pt x="7" y="0.3333333333333322" rx="7" ry="0.3333333333333322" lx="7" ly="0.3333333333333322" constSeg="true"/>
    <pt x="10" y="0.4999999999999992" rx="10" ry="0.4999999999999992" lx="10" ly="0.4999999999999992" constSeg="false"/>
    <pt x="19" y="1" rx="19" ry="1" lx="19" ly="1" constSeg="false"/>
   </bezier>
   <bezier name="ATV-098F6C2048602F27">
    <pt x="1" y="1.443226609400694" rx="1" ry="1.443226609400694" lx="1" ly="1.443226609400694" constSeg="false"/>
    <pt x="7" y="2.03213640516246" rx="7" ry="2.03213640516246" lx="7" ly="2.03213640516246" constSeg="true"/>
    <pt x="10" y="0.4617102832807081" rx="10" ry="0.4617102832807081" lx="10" ly="0.4617102832807081" constSeg="false"/>
    <pt x="19" y="1.345074976791389" rx="19" ry="1.345074976791389" lx="19" ly="1.345074976791389" constSeg="false"/>
   </bezier>
   <bezier name="ATV-098F6C2048602F28">
    <pt x="1" y="1.443226609400694" rx="1" ry="1.443226609400694" lx="1" ly="1.443226609400694" constSeg="false"/>
    <pt x="7" y="2.03213640516246" rx="7" ry="2.03213640516246" lx="7" ly="2.03213640516246" constSeg="true"/>
    <pt x="10" y="0.4617102832807081" rx="10" ry="0.4617102832807081" lx="10" ly="0.4617102832807081" constSeg="false"/>
    <pt x="19" y="1.345074976791389" rx="19" ry="1.345074976791389" lx="19" ly="1.345074976791389" constSeg="false"/>
   </bezier>
   <bezier name="ATV-098F6C2048602F29">
    <pt x="1" y="0" rx="1" ry="0" lx="1" ly="0" constSeg="false"/>
    <pt x="7" y="0" rx="7" ry="0" lx="7" ly="0" constSeg="true"/>
    <pt x="10" y="0" rx="10" ry="0" lx="10" ly="0" constSeg="false"/>
    <pt x="19" y="0" rx="19" ry="0" lx="19" ly="0" constSeg="false"/>
   </bezier>
   <pivot name="PIVOT-TV-water_l_wave_1-P">
    <pt x="78.31254226751626" y="-679.3486731155012" z="0" start="1"/>
   </pivot>
   <bezier name="ATV-098F6C2048602F2B">
    <pt x="1" y="0" rx="1" ry="0" lx="1" ly="0" constSeg="false"/>
    <pt x="7" y="0" rx="7" ry="0" lx="7" ly="0" constSeg="true"/>
    <pt x="10" y="0" rx="10" ry="0" lx="10" ly="0" constSeg="false"/>
    <pt x="19" y="0" rx="19" ry="0" lx="19" ly="0" constSeg="false"/>
   </bezier>
   <bezier name="ATV-098F6C20486021D0">
    <pt x="1" y="18.69396170256801" rx="1" ry="18.69396170256801" lx="1" ly="18.69396170256801" constSeg="false"/>
    <pt x="7" y="18.69396170256801" rx="7" ry="18.69396170256801" lx="7" ly="18.69396170256801" constSeg="true"/>
    <pt x="10" y="18.69396170256801" rx="10" ry="18.69396170256801" lx="10" ly="18.69396170256801" constSeg="false"/>
    <pt x="19" y="18.69396170256801" rx="19" ry="18.69396170256801" lx="19" ly="18.69396170256801" constSeg="false"/>
   </bezier>
   <bezier name="ATV-098F6C20486021D2">
    <pt x="1" y="-145.9644739424867" rx="1" ry="-145.9644739424867" lx="1" ly="-145.9644739424867" constSeg="false"/>
    <pt x="7" y="-145.9644739424867" rx="7" ry="-145.9644739424867" lx="7" ly="-145.9644739424867" constSeg="true"/>
    <pt x="10" y="-145.9644739424867" rx="10" ry="-145.9644739424867" lx="10" ly="-145.9644739424867" constSeg="false"/>
    <pt x="19" y="-145.9644739424867" rx="19" ry="-145.9644739424867" lx="19" ly="-145.9644739424867" constSeg="false"/>
   </bezier>
   <bezier name="ATV-098F6C2048602F2A">
    <pt x="1" y="0" rx="1" ry="0" lx="1" ly="0" constSeg="false"/>
    <pt x="7" y="0" rx="7" ry="0" lx="7" ly="0" constSeg="true"/>
    <pt x="10" y="0" rx="10" ry="0" lx="10" ly="0" constSeg="false"/>
    <pt x="19" y="0" rx="19" ry="0" lx="19" ly="0" constSeg="false"/>
   </bezier>
   <bezier name="ATV-098F6C20486021D4">
    <pt x="1" y="0.5070801721657851" rx="1" ry="0.5070801721657851" lx="1" ly="0.5070801721657851" constSeg="false"/>
    <pt x="7" y="0.5070801721657851" rx="7" ry="0.5070801721657851" lx="7" ly="0.5070801721657851" constSeg="true"/>
    <pt x="10" y="0.5070801721657851" rx="10" ry="0.5070801721657851" lx="10" ly="0.5070801721657851" constSeg="false"/>
    <pt x="19" y="0.5070801721657851" rx="19" ry="0.5070801721657851" lx="19" ly="0.5070801721657851" constSeg="false"/>
   </bezier>
   <bezier name="ATV-098F6C20486021D6">
    <pt x="1" y="0.5070801721657851" rx="1" ry="0.5070801721657851" lx="1" ly="0.5070801721657851" constSeg="false"/>
    <pt x="7" y="0.5070801721657851" rx="7" ry="0.5070801721657851" lx="7" ly="0.5070801721657851" constSeg="true"/>
    <pt x="10" y="0.5070801721657851" rx="10" ry="0.5070801721657851" lx="10" ly="0.5070801721657851" constSeg="false"/>
    <pt x="19" y="0.5070801721657851" rx="19" ry="0.5070801721657851" lx="19" ly="0.5070801721657851" constSeg="false"/>
   </bezier>
   <bezier name="ATV-098F6C2048602F2C">
    <pt x="1" y="0" rx="1" ry="0" lx="1" ly="0" constSeg="false"/>
    <pt x="7" y="0" rx="7" ry="0" lx="7" ly="0" constSeg="true"/>
    <pt x="10" y="0" rx="10" ry="0" lx="10" ly="0" constSeg="false"/>
    <pt x="19" y="0" rx="19" ry="0" lx="19" ly="0" constSeg="false"/>
   </bezier>
   <catmull scaleY="85.33" scaleZ="0.2222222222222222" name="ATV-098F661E4BB02AC2" scaleX="113.7733333333333">
    <pt x="0" y="0" z="0" lockedInTime="1"/>
   </catmull>
   <catmull scaleY="85.33" scaleZ="0.2222222222222222" name="ATV-098F661E4BB02ACD" scaleX="113.7733333333333">
    <pt x="0" y="0" z="0" lockedInTime="1"/>
   </catmull>
  </timedvalues>
 </animation>
</animations>
