<skeletons>
 <skeleton name="Top">
  <nodes>
   <peg id="0" name="Wishling_MASTER"/>
   <bone id="1" name="Deformation-Wishling_Torso_Bone"/>
   <bone id="2" name="Deformation-Wishling_Torso_Bone_1"/>
   <peg id="3" name="Deformation-Wishling_Torso_Deformation-Wishling_Torso-kinematic_1"/>
   <peg id="4" name="Deformation-Wishling_Arm_R-P"/>
   <deform id="5" name="Deformation-Wishling_Arm_R_Deformation-Root"/>
   <deformRoot id="6" name="Deformation-Wishling_Arm_R_Deformation-Root"/>
   <bone id="7" name="Deformation-Wishling_Arm_R_Bone"/>
   <bone id="8" name="Deformation-Wishling_Arm_R_Bone_1"/>
   <bone id="9" name="Deformation-Wishling_Arm_R_Bone_2"/>
   <read id="10" name="Wishling_Hand_R"/>
   <read id="11" name="Wishling_Arm_R"/>
   <bone id="12" name="Deformation-Wishling_Torso_Bone_2"/>
   <peg id="13" name="Deformation-Wishling_Torso_Deformation-Wishling_Torso-kinematic_2"/>
   <peg id="14" name="Wishling_Head-P"/>
   <peg id="15" name="Full_Face_Peg"/>
   <peg id="16" name="Wishling_Horn-Nose_1-P"/>
   <read id="17" name="Wishling_Nose"/>
   <peg id="18" name="Horn-P"/>
   <read id="19" name="Horn"/>
   <peg id="20" name="Full_FrontEye_Peg"/>
   <peg id="21" name="FrontEyebrow-P"/>
   <read id="22" name="FrontEyebrow"/>
   <peg id="23" name="Upper_Eyelash-P"/>
   <read id="24" name="Upper_Eyelash_Front"/>
   <cutter id="25" name="Cutter"/>
   <matte id="26" name="Cutter"/>
   <peg id="27" name="Front_Eye-P"/>
   <read id="28" name="Front_Eye"/>
   <peg id="29" name="MidEyelash-P"/>
   <read id="30" name="MidEyelash"/>
   <peg id="31" name="Front_Eye-P"/>
   <read id="32" name="Lower_Eyelash"/>
   <peg id="33" name="Wishling_Ear_R-P"/>
   <deform id="34" name="Deformation-Wishling_Ear_R_Deformation-Root"/>
   <deformRoot id="35" name="Deformation-Wishling_Ear_R_Deformation-Root"/>
   <bone id="36" name="Deformation-Wishling_Ear_R_Bone"/>
   <bone id="37" name="Deformation-Wishling_Ear_R_Bone_1"/>
   <read id="38" name="Wishling_Ear_R"/>
   <peg id="39" name="Full_Face_Peg"/>
   <peg id="40" name="Mouth-P"/>
   <read id="41" name="Mouth"/>
   <peg id="42" name="Wishling_head_1-P"/>
   <read id="43" name="HeadLine"/>
   <inverseCutter id="44" name="Cutter_4"/>
   <matte id="45" name="Cutter_4"/>
   <peg id="46" name="Wishling_head_1-P"/>
   <read id="47" name="Wishling_head_1"/>
   <peg id="48" name="Full_Face_Peg"/>
   <peg id="49" name="Full_FrontEye_Peg"/>
   <peg id="50" name="Upper_Eyelash-P"/>
   <read id="51" name="EyePatch_Upper"/>
   <peg id="52" name="Full_Face_Peg"/>
   <peg id="53" name="Full_FrontEye_Peg"/>
   <inverseCutter id="54" name="Cutter_2"/>
   <matte id="55" name="Cutter_2"/>
   <peg id="56" name="Front_Eye-P"/>
   <read id="57" name="Front_Eye"/>
   <peg id="58" name="Pupil-P"/>
   <read id="59" name="Pupil"/>
   <peg id="60" name="Front_Eye-P"/>
   <read id="61" name="Front_Eye"/>
   <inverseCutter id="62" name="Cutter_3"/>
   <matte id="63" name="Cutter_3"/>
   <peg id="64" name="Wishling_head_1-P"/>
   <read id="65" name="Wishling_head_1"/>
   <peg id="66" name="Full_Face_Peg"/>
   <peg id="67" name="Full_BackEye_Peg"/>
   <read id="68" name="Back_Eye"/>
   <peg id="69" name="Wishling_head_1-P"/>
   <read id="70" name="Wishling_head_1"/>
   <peg id="71" name="Wishling_Ear_L-P"/>
   <deform id="72" name="Deformation-Wishling_Ear_L_Deformation-Root"/>
   <deformRoot id="73" name="Deformation-Wishling_Ear_L_Deformation-Root"/>
   <bone id="74" name="Deformation-Wishling_Ear_L_Bone"/>
   <bone id="75" name="Deformation-Wishling_Ear_L_Bone_1"/>
   <read id="76" name="Wishling_Ear_L"/>
   <peg id="77" name="Deformation-Wishling_Torso_Deformation-Wishling_Torso-kinematic"/>
   <peg id="78" name="Deformation-Wishling_Leg_R_-P"/>
   <deform id="79" name="Deformation-Wishling_Leg_R__Deformation-Root"/>
   <deformRoot id="80" name="Deformation-Wishling_Leg_R__Deformation-Root"/>
   <bone id="81" name="Deformation-Wishling_Leg_R__Bone"/>
   <bone id="82" name="Deformation-Wishling_Leg_R__Bone_1"/>
   <bone id="83" name="Deformation-Wishling_Leg_R__Bone_2"/>
   <read id="84" name="Wishling_Foot_R"/>
   <read id="85" name="Wishling_Leg_R"/>
   <deform id="86" name="Deformation-Wishling_Torso_Deformation-Root"/>
   <deformRoot id="87" name="Deformation-Wishling_Torso_Deformation-Root"/>
   <bone id="88" name="Deformation-Wishling_Torso_Bone"/>
   <bone id="89" name="Deformation-Wishling_Torso_Bone_1"/>
   <bone id="90" name="Deformation-Wishling_Torso_Bone_2"/>
   <read id="91" name="Wishling_Torso"/>
   <peg id="92" name="Deformation-Wishling_Torso_Deformation-Wishling_Torso-kinematic"/>
   <peg id="93" name="Deformation-Wishling_Leg_L-P"/>
   <deform id="94" name="Deformation-Wishling_Leg_L_Deformation-Root"/>
   <deformRoot id="95" name="Deformation-Wishling_Leg_L_Deformation-Root"/>
   <bone id="96" name="Deformation-Wishling_Leg_L_Bone"/>
   <bone id="97" name="Deformation-Wishling_Leg_L_Bone_1"/>
   <bone id="98" name="Deformation-Wishling_Leg_L_Bone_2"/>
   <read id="99" name="Wishling_Foot_L"/>
   <read id="100" name="Wishling_Leg_L"/>
   <peg id="101" name="Wishling_Tail-P"/>
   <deform id="102" name="Deformation-Wishling_Tail_Deformation-Root"/>
   <deformRoot id="103" name="Deformation-Wishling_Tail_Deformation-Root"/>
   <bone id="104" name="Deformation-Wishling_Tail_Bone"/>
   <bone id="105" name="Deformation-Wishling_Tail_Bone_1"/>
   <read id="106" name="Wishling_Tail"/>
   <bone id="107" name="Deformation-Wishling_Torso_Bone"/>
   <bone id="108" name="Deformation-Wishling_Torso_Bone_1"/>
   <peg id="109" name="Deformation-Wishling_Torso_Deformation-Wishling_Torso-kinematic_1"/>
   <peg id="110" name="Deformation-Wishling_Arm_L-P"/>
   <deform id="111" name="Deformation-Wishling_Arm_L_Deformation-Root"/>
   <deformRoot id="112" name="Deformation-Wishling_Arm_L_Deformation-Root"/>
   <bone id="113" name="Deformation-Wishling_Arm_L_Bone"/>
   <bone id="114" name="Deformation-Wishling_Arm_L_Bone_1"/>
   <bone id="115" name="Deformation-Wishling_Arm_L_Bone_2"/>
   <read id="116" name="Wishling_Hand_L"/>
   <read id="117" name="Wishling_Arm_L"/>
   <bone id="118" name="Deformation-Wishling_Torso_Bone_2"/>
   <peg id="119" name="Deformation-Wishling_Torso_Deformation-Wishling_Torso-kinematic_2"/>
   <peg id="120" name="Wishling_Head-P"/>
   <peg id="121" name="Full_Face_Peg"/>
   <peg id="122" name="Full_FrontEye_Peg"/>
   <peg id="123" name="Upper_Eyelash-P"/>
   <peg id="124" name="Upper_Eyelash_Back-P"/>
   <read id="125" name="Upper_Eyelash_Back"/>
  </nodes>
  <links>
   <link in="Top" out="0"/>
   <link in="0" out="1"/>
   <link in="1" out="2"/>
   <link in="2" out="3"/>
   <link in="3" out="4"/>
   <link in="4" out="5"/>
   <link in="5" out="6"/>
   <link in="6" out="7"/>
   <link in="7" out="8"/>
   <link in="8" out="9"/>
   <link in="5" out="10"/>
   <link in="5" out="11"/>
   <link in="2" out="12"/>
   <link in="12" out="13"/>
   <link in="13" out="14"/>
   <link in="14" out="15"/>
   <link in="15" out="16"/>
   <link in="16" out="17"/>
   <link in="15" out="18"/>
   <link in="18" out="19"/>
   <link in="15" out="20"/>
   <link in="20" out="21"/>
   <link in="21" out="22"/>
   <link in="20" out="23"/>
   <link in="23" out="24"/>
   <link in="20" out="25"/>
   <link in="25" out="26"/>
   <link in="26" out="27"/>
   <link in="27" out="28"/>
   <link in="25" out="29"/>
   <link in="29" out="30"/>
   <link in="20" out="31"/>
   <link in="31" out="32"/>
   <link in="14" out="33"/>
   <link in="33" out="34"/>
   <link in="34" out="35"/>
   <link in="35" out="36"/>
   <link in="36" out="37"/>
   <link in="34" out="38"/>
   <link in="14" out="39"/>
   <link in="39" out="40"/>
   <link in="40" out="41"/>
   <link in="14" out="42"/>
   <link in="42" out="43"/>
   <link in="14" out="44"/>
   <link in="44" out="45"/>
   <link in="45" out="46"/>
   <link in="46" out="47"/>
   <link in="44" out="48"/>
   <link in="48" out="49"/>
   <link in="49" out="50"/>
   <link in="50" out="51"/>
   <link in="14" out="52"/>
   <link in="52" out="53"/>
   <link in="53" out="54"/>
   <link in="54" out="55"/>
   <link in="55" out="56"/>
   <link in="56" out="57"/>
   <link in="54" out="58"/>
   <link in="58" out="59"/>
   <link in="53" out="60"/>
   <link in="60" out="61"/>
   <link in="14" out="62"/>
   <link in="62" out="63"/>
   <link in="63" out="64"/>
   <link in="64" out="65"/>
   <link in="62" out="66"/>
   <link in="66" out="67"/>
   <link in="67" out="68"/>
   <link in="14" out="69"/>
   <link in="69" out="70"/>
   <link in="14" out="71"/>
   <link in="71" out="72"/>
   <link in="72" out="73"/>
   <link in="73" out="74"/>
   <link in="74" out="75"/>
   <link in="72" out="76"/>
   <link in="0" out="77"/>
   <link in="77" out="78"/>
   <link in="78" out="79"/>
   <link in="79" out="80"/>
   <link in="80" out="81"/>
   <link in="81" out="82"/>
   <link in="82" out="83"/>
   <link in="79" out="84"/>
   <link in="79" out="85"/>
   <link in="0" out="86"/>
   <link in="86" out="87"/>
   <link in="87" out="88"/>
   <link in="88" out="89"/>
   <link in="89" out="90"/>
   <link in="86" out="91"/>
   <link in="0" out="92"/>
   <link in="92" out="93"/>
   <link in="93" out="94"/>
   <link in="94" out="95"/>
   <link in="95" out="96"/>
   <link in="96" out="97"/>
   <link in="97" out="98"/>
   <link in="94" out="99"/>
   <link in="94" out="100"/>
   <link in="92" out="101"/>
   <link in="101" out="102"/>
   <link in="102" out="103"/>
   <link in="103" out="104"/>
   <link in="104" out="105"/>
   <link in="102" out="106"/>
   <link in="0" out="107"/>
   <link in="107" out="108"/>
   <link in="108" out="109"/>
   <link in="109" out="110"/>
   <link in="110" out="111"/>
   <link in="111" out="112"/>
   <link in="112" out="113"/>
   <link in="113" out="114"/>
   <link in="114" out="115"/>
   <link in="111" out="116"/>
   <link in="111" out="117"/>
   <link in="108" out="118"/>
   <link in="118" out="119"/>
   <link in="119" out="120"/>
   <link in="120" out="121"/>
   <link in="121" out="122"/>
   <link in="122" out="123"/>
   <link in="123" out="124"/>
   <link in="124" out="125"/>
  </links>
 </skeleton>
 <skeleton name="Top_3">
  <nodes>
   <peg id="0" name="Wishling_MASTER"/>
   <bone id="1" name="Deformation-Wishling_Torso_Bone"/>
   <bone id="2" name="Deformation-Wishling_Torso_Bone_1"/>
   <peg id="3" name="Deformation-Wishling_Torso_Deformation-Wishling_Torso-kinematic_1"/>
   <peg id="4" name="Deformation-Wishling_Arm_R-P"/>
   <deform id="5" name="Deformation-Wishling_Arm_R_Deformation-Root"/>
   <deformRoot id="6" name="Deformation-Wishling_Arm_R_Deformation-Root"/>
   <bone id="7" name="Deformation-Wishling_Arm_R_Bone"/>
   <bone id="8" name="Deformation-Wishling_Arm_R_Bone_1"/>
   <bone id="9" name="Deformation-Wishling_Arm_R_Bone_2"/>
   <read id="10" name="Wishling_Hand_R"/>
   <read id="11" name="Wishling_Arm_R"/>
   <peg id="12" name="Wishling_Hold-P"/>
   <read id="13" name="Wishling_Hold"/>
   <bone id="14" name="Deformation-Wishling_Torso_Bone"/>
   <bone id="15" name="Deformation-Wishling_Torso_Bone_2"/>
   <peg id="16" name="Deformation-Wishling_Torso_Deformation-Wishling_Torso-kinematic_2"/>
   <peg id="17" name="Wishling_Head-P"/>
   <peg id="18" name="Full_Face_Peg"/>
   <peg id="19" name="Wishling_Horn-Nose_1-P"/>
   <read id="20" name="Wishling_Nose"/>
   <peg id="21" name="Horn-P"/>
   <read id="22" name="Horn"/>
   <peg id="23" name="Full_FrontEye_Peg"/>
   <peg id="24" name="FrontEyebrow-P"/>
   <read id="25" name="FrontEyebrow"/>
   <peg id="26" name="Upper_Eyelash-P"/>
   <read id="27" name="Upper_Eyelash_Front"/>
   <cutter id="28" name="Cutter"/>
   <matte id="29" name="Cutter"/>
   <peg id="30" name="Front_Eye-P"/>
   <read id="31" name="Front_Eye"/>
   <peg id="32" name="MidEyelash-P"/>
   <read id="33" name="MidEyelash"/>
   <peg id="34" name="Front_Eye-P"/>
   <read id="35" name="Lower_Eyelash"/>
   <peg id="36" name="Wishling_Ear_R-P"/>
   <deform id="37" name="Deformation-Wishling_Ear_R_Deformation-Root"/>
   <deformRoot id="38" name="Deformation-Wishling_Ear_R_Deformation-Root"/>
   <bone id="39" name="Deformation-Wishling_Ear_R_Bone"/>
   <bone id="40" name="Deformation-Wishling_Ear_R_Bone_1"/>
   <read id="41" name="Wishling_Ear_R"/>
   <peg id="42" name="Full_Face_Peg"/>
   <peg id="43" name="Mouth-P"/>
   <read id="44" name="Mouth"/>
   <peg id="45" name="Wishling_head_1-P"/>
   <read id="46" name="HeadLine"/>
   <inverseCutter id="47" name="Cutter_4"/>
   <matte id="48" name="Cutter_4"/>
   <peg id="49" name="Wishling_head_1-P"/>
   <read id="50" name="Wishling_head_1"/>
   <peg id="51" name="Full_Face_Peg"/>
   <peg id="52" name="Full_FrontEye_Peg"/>
   <peg id="53" name="Upper_Eyelash-P"/>
   <read id="54" name="EyePatch_Upper"/>
   <peg id="55" name="Full_Face_Peg"/>
   <peg id="56" name="Full_FrontEye_Peg"/>
   <inverseCutter id="57" name="Cutter_2"/>
   <matte id="58" name="Cutter_2"/>
   <peg id="59" name="Front_Eye-P"/>
   <read id="60" name="Front_Eye"/>
   <peg id="61" name="Pupil-P"/>
   <read id="62" name="Pupil"/>
   <peg id="63" name="Front_Eye-P"/>
   <read id="64" name="Front_Eye"/>
   <inverseCutter id="65" name="Cutter_3"/>
   <matte id="66" name="Cutter_3"/>
   <peg id="67" name="Wishling_head_1-P"/>
   <read id="68" name="Wishling_head_1"/>
   <peg id="69" name="Full_Face_Peg"/>
   <peg id="70" name="Full_BackEye_Peg"/>
   <read id="71" name="Back_Eye"/>
   <peg id="72" name="Wishling_head_1-P"/>
   <read id="73" name="Wishling_head_1"/>
   <peg id="74" name="Wishling_Ear_L-P"/>
   <deform id="75" name="Deformation-Wishling_Ear_L_Deformation-Root"/>
   <deformRoot id="76" name="Deformation-Wishling_Ear_L_Deformation-Root"/>
   <bone id="77" name="Deformation-Wishling_Ear_L_Bone"/>
   <bone id="78" name="Deformation-Wishling_Ear_L_Bone_1"/>
   <read id="79" name="Wishling_Ear_L"/>
   <peg id="80" name="Deformation-Wishling_Torso_Deformation-Wishling_Torso-kinematic"/>
   <peg id="81" name="Deformation-Wishling_Leg_R_-P"/>
   <deform id="82" name="Deformation-Wishling_Leg_R__Deformation-Root"/>
   <deformRoot id="83" name="Deformation-Wishling_Leg_R__Deformation-Root"/>
   <bone id="84" name="Deformation-Wishling_Leg_R__Bone"/>
   <bone id="85" name="Deformation-Wishling_Leg_R__Bone_1"/>
   <bone id="86" name="Deformation-Wishling_Leg_R__Bone_2"/>
   <read id="87" name="Wishling_Foot_R"/>
   <read id="88" name="Wishling_Leg_R"/>
   <deform id="89" name="Deformation-Wishling_Torso_Deformation-Root"/>
   <deformRoot id="90" name="Deformation-Wishling_Torso_Deformation-Root"/>
   <bone id="91" name="Deformation-Wishling_Torso_Bone"/>
   <bone id="92" name="Deformation-Wishling_Torso_Bone_1"/>
   <bone id="93" name="Deformation-Wishling_Torso_Bone_2"/>
   <read id="94" name="Wishling_Torso"/>
   <peg id="95" name="Deformation-Wishling_Torso_Deformation-Wishling_Torso-kinematic"/>
   <peg id="96" name="Deformation-Wishling_Leg_L-P"/>
   <deform id="97" name="Deformation-Wishling_Leg_L_Deformation-Root"/>
   <deformRoot id="98" name="Deformation-Wishling_Leg_L_Deformation-Root"/>
   <bone id="99" name="Deformation-Wishling_Leg_L_Bone"/>
   <bone id="100" name="Deformation-Wishling_Leg_L_Bone_1"/>
   <bone id="101" name="Deformation-Wishling_Leg_L_Bone_2"/>
   <read id="102" name="Wishling_Foot_L"/>
   <read id="103" name="Wishling_Leg_L"/>
   <peg id="104" name="Wishling_Tail-P"/>
   <deform id="105" name="Deformation-Wishling_Tail_Deformation-Root"/>
   <deformRoot id="106" name="Deformation-Wishling_Tail_Deformation-Root"/>
   <bone id="107" name="Deformation-Wishling_Tail_Bone"/>
   <bone id="108" name="Deformation-Wishling_Tail_Bone_1"/>
   <read id="109" name="Wishling_Tail"/>
   <bone id="110" name="Deformation-Wishling_Torso_Bone"/>
   <bone id="111" name="Deformation-Wishling_Torso_Bone_1"/>
   <peg id="112" name="Deformation-Wishling_Torso_Deformation-Wishling_Torso-kinematic_1"/>
   <peg id="113" name="Deformation-Wishling_Arm_L-P"/>
   <deform id="114" name="Deformation-Wishling_Arm_L_Deformation-Root"/>
   <deformRoot id="115" name="Deformation-Wishling_Arm_L_Deformation-Root"/>
   <bone id="116" name="Deformation-Wishling_Arm_L_Bone"/>
   <bone id="117" name="Deformation-Wishling_Arm_L_Bone_1"/>
   <bone id="118" name="Deformation-Wishling_Arm_L_Bone_2"/>
   <read id="119" name="Wishling_Hand_L"/>
   <read id="120" name="Wishling_Arm_L"/>
   <bone id="121" name="Deformation-Wishling_Torso_Bone_2"/>
   <peg id="122" name="Deformation-Wishling_Torso_Deformation-Wishling_Torso-kinematic_2"/>
   <peg id="123" name="Wishling_Head-P"/>
   <peg id="124" name="Full_Face_Peg"/>
   <peg id="125" name="Full_FrontEye_Peg"/>
   <peg id="126" name="Upper_Eyelash-P"/>
   <peg id="127" name="Upper_Eyelash_Back-P"/>
   <read id="128" name="Upper_Eyelash_Back"/>
  </nodes>
  <links>
   <link in="Top" out="0"/>
   <link in="0" out="1"/>
   <link in="1" out="2"/>
   <link in="2" out="3"/>
   <link in="3" out="4"/>
   <link in="4" out="5"/>
   <link in="5" out="6"/>
   <link in="6" out="7"/>
   <link in="7" out="8"/>
   <link in="8" out="9"/>
   <link in="5" out="10"/>
   <link in="5" out="11"/>
   <link in="0" out="12"/>
   <link in="12" out="13"/>
   <link in="0" out="14"/>
   <link in="14" out="15"/>
   <link in="15" out="16"/>
   <link in="16" out="17"/>
   <link in="17" out="18"/>
   <link in="18" out="19"/>
   <link in="19" out="20"/>
   <link in="20" out="21"/>
   <link in="21" out="22"/>
   <link in="20" out="23"/>
   <link in="23" out="24"/>
   <link in="24" out="25"/>
   <link in="23" out="26"/>
   <link in="26" out="27"/>
   <link in="23" out="28"/>
   <link in="28" out="29"/>
   <link in="29" out="30"/>
   <link in="30" out="31"/>
   <link in="28" out="32"/>
   <link in="32" out="33"/>
   <link in="23" out="34"/>
   <link in="34" out="35"/>
   <link in="19" out="36"/>
   <link in="36" out="37"/>
   <link in="37" out="38"/>
   <link in="38" out="39"/>
   <link in="39" out="40"/>
   <link in="37" out="41"/>
   <link in="19" out="42"/>
   <link in="42" out="43"/>
   <link in="43" out="44"/>
   <link in="19" out="45"/>
   <link in="45" out="46"/>
   <link in="19" out="47"/>
   <link in="47" out="48"/>
   <link in="48" out="49"/>
   <link in="49" out="50"/>
   <link in="47" out="51"/>
   <link in="51" out="52"/>
   <link in="52" out="53"/>
   <link in="53" out="54"/>
   <link in="19" out="55"/>
   <link in="55" out="56"/>
   <link in="56" out="57"/>
   <link in="57" out="58"/>
   <link in="58" out="59"/>
   <link in="59" out="60"/>
   <link in="57" out="61"/>
   <link in="61" out="62"/>
   <link in="56" out="63"/>
   <link in="63" out="64"/>
   <link in="19" out="65"/>
   <link in="65" out="66"/>
   <link in="66" out="67"/>
   <link in="67" out="68"/>
   <link in="65" out="69"/>
   <link in="69" out="70"/>
   <link in="70" out="71"/>
   <link in="19" out="72"/>
   <link in="72" out="73"/>
   <link in="19" out="74"/>
   <link in="74" out="75"/>
   <link in="75" out="76"/>
   <link in="76" out="77"/>
   <link in="77" out="78"/>
   <link in="75" out="79"/>
   <link in="0" out="80"/>
   <link in="80" out="81"/>
   <link in="81" out="82"/>
   <link in="82" out="83"/>
   <link in="83" out="84"/>
   <link in="84" out="85"/>
   <link in="85" out="86"/>
   <link in="82" out="87"/>
   <link in="82" out="88"/>
   <link in="0" out="89"/>
   <link in="89" out="90"/>
   <link in="90" out="91"/>
   <link in="91" out="92"/>
   <link in="92" out="93"/>
   <link in="89" out="94"/>
   <link in="0" out="95"/>
   <link in="95" out="96"/>
   <link in="96" out="97"/>
   <link in="97" out="98"/>
   <link in="98" out="99"/>
   <link in="99" out="100"/>
   <link in="100" out="101"/>
   <link in="97" out="102"/>
   <link in="97" out="103"/>
   <link in="95" out="104"/>
   <link in="104" out="105"/>
   <link in="105" out="106"/>
   <link in="106" out="107"/>
   <link in="107" out="108"/>
   <link in="105" out="109"/>
   <link in="0" out="110"/>
   <link in="110" out="111"/>
   <link in="111" out="112"/>
   <link in="112" out="113"/>
   <link in="113" out="114"/>
   <link in="114" out="115"/>
   <link in="115" out="116"/>
   <link in="116" out="117"/>
   <link in="117" out="118"/>
   <link in="114" out="119"/>
   <link in="114" out="120"/>
   <link in="111" out="121"/>
   <link in="121" out="122"/>
   <link in="122" out="123"/>
   <link in="123" out="124"/>
   <link in="124" out="125"/>
   <link in="125" out="126"/>
   <link in="126" out="127"/>
   <link in="127" out="128"/>
  </links>
 </skeleton>
 <skeleton name="Top_2">
  <nodes>
   <peg id="0" name="Wishling_MASTER"/>
   <bone id="1" name="Deformation-Wishling_Torso_Bone"/>
   <bone id="2" name="Deformation-Wishling_Torso_Bone_1"/>
   <peg id="3" name="Deformation-Wishling_Torso_Deformation-Wishling_Torso-kinematic_1"/>
   <peg id="4" name="Deformation-Wishling_Arm_R-P"/>
   <deform id="5" name="Deformation-Wishling_Arm_R_Deformation-Root"/>
   <deformRoot id="6" name="Deformation-Wishling_Arm_R_Deformation-Root"/>
   <bone id="7" name="Deformation-Wishling_Arm_R_Bone"/>
   <bone id="8" name="Deformation-Wishling_Arm_R_Bone_1"/>
   <bone id="9" name="Deformation-Wishling_Arm_R_Bone_2"/>
   <read id="10" name="Wishling_Hand_R"/>
   <read id="11" name="Wishling_Arm_R"/>
   <peg id="12" name="Wishling_Hold-P"/>
   <read id="13" name="Wishling_Hold"/>
   <bone id="14" name="Deformation-Wishling_Torso_Bone"/>
   <bone id="15" name="Deformation-Wishling_Torso_Bone_2"/>
   <peg id="16" name="Deformation-Wishling_Torso_Deformation-Wishling_Torso-kinematic_2"/>
   <peg id="17" name="Wishling_Head-P"/>
   <peg id="18" name="Full_Face_Peg"/>
   <peg id="19" name="Wishling_Horn-Nose_1-P"/>
   <read id="20" name="Wishling_Nose"/>
   <peg id="21" name="Horn-P"/>
   <read id="22" name="Horn"/>
   <peg id="23" name="Full_FrontEye_Peg"/>
   <peg id="24" name="FrontEyebrow-P"/>
   <read id="25" name="FrontEyebrow"/>
   <peg id="26" name="Upper_Eyelash-P"/>
   <read id="27" name="Upper_Eyelash_Front"/>
   <cutter id="28" name="Cutter"/>
   <matte id="29" name="Cutter"/>
   <peg id="30" name="Front_Eye-P"/>
   <read id="31" name="Front_Eye"/>
   <peg id="32" name="MidEyelash-P"/>
   <read id="33" name="MidEyelash"/>
   <peg id="34" name="Front_Eye-P"/>
   <read id="35" name="Lower_Eyelash"/>
   <peg id="36" name="Wishling_Ear_R-P"/>
   <deform id="37" name="Deformation-Wishling_Ear_R_Deformation-Root"/>
   <deformRoot id="38" name="Deformation-Wishling_Ear_R_Deformation-Root"/>
   <bone id="39" name="Deformation-Wishling_Ear_R_Bone"/>
   <bone id="40" name="Deformation-Wishling_Ear_R_Bone_1"/>
   <read id="41" name="Wishling_Ear_R"/>
   <peg id="42" name="Full_Face_Peg"/>
   <peg id="43" name="Mouth-P"/>
   <read id="44" name="Mouth"/>
   <peg id="45" name="Wishling_head_1-P"/>
   <read id="46" name="HeadLine"/>
   <inverseCutter id="47" name="Cutter_4"/>
   <matte id="48" name="Cutter_4"/>
   <peg id="49" name="Wishling_head_1-P"/>
   <read id="50" name="Wishling_head_1"/>
   <peg id="51" name="Full_Face_Peg"/>
   <peg id="52" name="Full_FrontEye_Peg"/>
   <peg id="53" name="Upper_Eyelash-P"/>
   <read id="54" name="EyePatch_Upper"/>
   <peg id="55" name="Full_Face_Peg"/>
   <peg id="56" name="Full_FrontEye_Peg"/>
   <inverseCutter id="57" name="Cutter_2"/>
   <matte id="58" name="Cutter_2"/>
   <peg id="59" name="Front_Eye-P"/>
   <read id="60" name="Front_Eye"/>
   <peg id="61" name="Pupil-P"/>
   <read id="62" name="Pupil"/>
   <peg id="63" name="Front_Eye-P"/>
   <read id="64" name="Front_Eye"/>
   <inverseCutter id="65" name="Cutter_3"/>
   <matte id="66" name="Cutter_3"/>
   <peg id="67" name="Wishling_head_1-P"/>
   <read id="68" name="Wishling_head_1"/>
   <peg id="69" name="Full_Face_Peg"/>
   <peg id="70" name="Full_BackEye_Peg"/>
   <read id="71" name="Back_Eye"/>
   <peg id="72" name="Wishling_head_1-P"/>
   <read id="73" name="Wishling_head_1"/>
   <peg id="74" name="Wishling_Ear_L-P"/>
   <deform id="75" name="Deformation-Wishling_Ear_L_Deformation-Root"/>
   <deformRoot id="76" name="Deformation-Wishling_Ear_L_Deformation-Root"/>
   <bone id="77" name="Deformation-Wishling_Ear_L_Bone"/>
   <bone id="78" name="Deformation-Wishling_Ear_L_Bone_1"/>
   <read id="79" name="Wishling_Ear_L"/>
   <peg id="80" name="Deformation-Wishling_Torso_Deformation-Wishling_Torso-kinematic"/>
   <peg id="81" name="Deformation-Wishling_Leg_R_-P"/>
   <deform id="82" name="Deformation-Wishling_Leg_R__Deformation-Root"/>
   <deformRoot id="83" name="Deformation-Wishling_Leg_R__Deformation-Root"/>
   <bone id="84" name="Deformation-Wishling_Leg_R__Bone"/>
   <bone id="85" name="Deformation-Wishling_Leg_R__Bone_1"/>
   <bone id="86" name="Deformation-Wishling_Leg_R__Bone_2"/>
   <read id="87" name="Wishling_Foot_R"/>
   <read id="88" name="Wishling_Leg_R"/>
   <deform id="89" name="Deformation-Wishling_Torso_Deformation-Root"/>
   <deformRoot id="90" name="Deformation-Wishling_Torso_Deformation-Root"/>
   <bone id="91" name="Deformation-Wishling_Torso_Bone"/>
   <bone id="92" name="Deformation-Wishling_Torso_Bone_1"/>
   <bone id="93" name="Deformation-Wishling_Torso_Bone_2"/>
   <read id="94" name="Wishling_Torso"/>
   <bone id="95" name="Deformation-Wishling_Torso_Bone"/>
   <peg id="96" name="Deformation-Wishling_Torso_Deformation-Wishling_Torso-kinematic"/>
   <peg id="97" name="Deformation-Wishling_Leg_L-P"/>
   <deform id="98" name="Deformation-Wishling_Leg_L_Deformation-Root"/>
   <deformRoot id="99" name="Deformation-Wishling_Leg_L_Deformation-Root"/>
   <bone id="100" name="Deformation-Wishling_Leg_L_Bone"/>
   <bone id="101" name="Deformation-Wishling_Leg_L_Bone_1"/>
   <bone id="102" name="Deformation-Wishling_Leg_L_Bone_2"/>
   <read id="103" name="Wishling_Foot_L"/>
   <read id="104" name="Wishling_Leg_L"/>
   <peg id="105" name="Wishling_Tail-P"/>
   <deform id="106" name="Deformation-Wishling_Tail_Deformation-Root"/>
   <deformRoot id="107" name="Deformation-Wishling_Tail_Deformation-Root"/>
   <bone id="108" name="Deformation-Wishling_Tail_Bone"/>
   <bone id="109" name="Deformation-Wishling_Tail_Bone_1"/>
   <read id="110" name="Wishling_Tail"/>
   <bone id="111" name="Deformation-Wishling_Torso_Bone_1"/>
   <peg id="112" name="Deformation-Wishling_Torso_Deformation-Wishling_Torso-kinematic_1"/>
   <peg id="113" name="Deformation-Wishling_Arm_L-P"/>
   <deform id="114" name="Deformation-Wishling_Arm_L_Deformation-Root"/>
   <deformRoot id="115" name="Deformation-Wishling_Arm_L_Deformation-Root"/>
   <bone id="116" name="Deformation-Wishling_Arm_L_Bone"/>
   <bone id="117" name="Deformation-Wishling_Arm_L_Bone_1"/>
   <bone id="118" name="Deformation-Wishling_Arm_L_Bone_2"/>
   <read id="119" name="Wishling_Hand_L"/>
   <read id="120" name="Wishling_Arm_L"/>
   <bone id="121" name="Deformation-Wishling_Torso_Bone_2"/>
   <peg id="122" name="Deformation-Wishling_Torso_Deformation-Wishling_Torso-kinematic_2"/>
   <peg id="123" name="Wishling_Head-P"/>
   <peg id="124" name="Full_Face_Peg"/>
   <peg id="125" name="Full_FrontEye_Peg"/>
   <peg id="126" name="Upper_Eyelash-P"/>
   <peg id="127" name="Upper_Eyelash_Back-P"/>
   <read id="128" name="Upper_Eyelash_Back"/>
  </nodes>
  <links>
   <link in="Top" out="0"/>
   <link in="0" out="1"/>
   <link in="1" out="2"/>
   <link in="2" out="3"/>
   <link in="3" out="4"/>
   <link in="4" out="5"/>
   <link in="5" out="6"/>
   <link in="6" out="7"/>
   <link in="7" out="8"/>
   <link in="8" out="9"/>
   <link in="5" out="10"/>
   <link in="5" out="11"/>
   <link in="0" out="12"/>
   <link in="12" out="13"/>
   <link in="0" out="14"/>
   <link in="14" out="15"/>
   <link in="15" out="16"/>
   <link in="16" out="17"/>
   <link in="17" out="18"/>
   <link in="18" out="19"/>
   <link in="19" out="20"/>
   <link in="20" out="21"/>
   <link in="21" out="22"/>
   <link in="20" out="23"/>
   <link in="23" out="24"/>
   <link in="24" out="25"/>
   <link in="23" out="26"/>
   <link in="26" out="27"/>
   <link in="23" out="28"/>
   <link in="28" out="29"/>
   <link in="29" out="30"/>
   <link in="30" out="31"/>
   <link in="28" out="32"/>
   <link in="32" out="33"/>
   <link in="23" out="34"/>
   <link in="34" out="35"/>
   <link in="19" out="36"/>
   <link in="36" out="37"/>
   <link in="37" out="38"/>
   <link in="38" out="39"/>
   <link in="39" out="40"/>
   <link in="37" out="41"/>
   <link in="19" out="42"/>
   <link in="42" out="43"/>
   <link in="43" out="44"/>
   <link in="19" out="45"/>
   <link in="45" out="46"/>
   <link in="19" out="47"/>
   <link in="47" out="48"/>
   <link in="48" out="49"/>
   <link in="49" out="50"/>
   <link in="47" out="51"/>
   <link in="51" out="52"/>
   <link in="52" out="53"/>
   <link in="53" out="54"/>
   <link in="19" out="55"/>
   <link in="55" out="56"/>
   <link in="56" out="57"/>
   <link in="57" out="58"/>
   <link in="58" out="59"/>
   <link in="59" out="60"/>
   <link in="57" out="61"/>
   <link in="61" out="62"/>
   <link in="56" out="63"/>
   <link in="63" out="64"/>
   <link in="19" out="65"/>
   <link in="65" out="66"/>
   <link in="66" out="67"/>
   <link in="67" out="68"/>
   <link in="65" out="69"/>
   <link in="69" out="70"/>
   <link in="70" out="71"/>
   <link in="19" out="72"/>
   <link in="72" out="73"/>
   <link in="19" out="74"/>
   <link in="74" out="75"/>
   <link in="75" out="76"/>
   <link in="76" out="77"/>
   <link in="77" out="78"/>
   <link in="75" out="79"/>
   <link in="14" out="80"/>
   <link in="80" out="81"/>
   <link in="81" out="82"/>
   <link in="82" out="83"/>
   <link in="83" out="84"/>
   <link in="84" out="85"/>
   <link in="85" out="86"/>
   <link in="82" out="87"/>
   <link in="82" out="88"/>
   <link in="0" out="89"/>
   <link in="89" out="90"/>
   <link in="90" out="91"/>
   <link in="91" out="92"/>
   <link in="92" out="93"/>
   <link in="89" out="94"/>
   <link in="0" out="95"/>
   <link in="95" out="96"/>
   <link in="96" out="97"/>
   <link in="97" out="98"/>
   <link in="98" out="99"/>
   <link in="99" out="100"/>
   <link in="100" out="101"/>
   <link in="101" out="102"/>
   <link in="98" out="103"/>
   <link in="98" out="104"/>
   <link in="96" out="105"/>
   <link in="105" out="106"/>
   <link in="106" out="107"/>
   <link in="107" out="108"/>
   <link in="108" out="109"/>
   <link in="106" out="110"/>
   <link in="95" out="111"/>
   <link in="111" out="112"/>
   <link in="112" out="113"/>
   <link in="113" out="114"/>
   <link in="114" out="115"/>
   <link in="115" out="116"/>
   <link in="116" out="117"/>
   <link in="117" out="118"/>
   <link in="114" out="119"/>
   <link in="114" out="120"/>
   <link in="111" out="121"/>
   <link in="121" out="122"/>
   <link in="122" out="123"/>
   <link in="123" out="124"/>
   <link in="124" out="125"/>
   <link in="125" out="126"/>
   <link in="126" out="127"/>
   <link in="127" out="128"/>
  </links>
 </skeleton>
 <skeleton name="Top_1">
  <nodes>
   <peg id="0" name="Wishling_MASTER"/>
   <bone id="1" name="Deformation-Wishling_Torso_Bone"/>
   <bone id="2" name="Deformation-Wishling_Torso_Bone_1"/>
   <peg id="3" name="Deformation-Wishling_Torso_Deformation-Wishling_Torso-kinematic_1"/>
   <peg id="4" name="Deformation-Wishling_Arm_R-P"/>
   <deform id="5" name="Deformation-Wishling_Arm_R_Deformation-Root"/>
   <deformRoot id="6" name="Deformation-Wishling_Arm_R_Deformation-Root"/>
   <bone id="7" name="Deformation-Wishling_Arm_R_Bone"/>
   <bone id="8" name="Deformation-Wishling_Arm_R_Bone_1"/>
   <bone id="9" name="Deformation-Wishling_Arm_R_Bone_2"/>
   <read id="10" name="Wishling_Hand_R"/>
   <read id="11" name="Wishling_Arm_R"/>
   <bone id="12" name="Deformation-Wishling_Torso_Bone_2"/>
   <peg id="13" name="Deformation-Wishling_Torso_Deformation-Wishling_Torso-kinematic_2"/>
   <peg id="14" name="Wishling_Head-P"/>
   <peg id="15" name="Full_Face_Peg"/>
   <peg id="16" name="Wishling_Horn-Nose_1-P"/>
   <read id="17" name="Wishling_Nose"/>
   <peg id="18" name="Horn-P"/>
   <read id="19" name="Horn"/>
   <peg id="20" name="Full_FrontEye_Peg"/>
   <peg id="21" name="FrontEyebrow-P"/>
   <read id="22" name="FrontEyebrow"/>
   <peg id="23" name="Upper_Eyelash-P"/>
   <read id="24" name="Upper_Eyelash_Front"/>
   <cutter id="25" name="Cutter"/>
   <matte id="26" name="Cutter"/>
   <peg id="27" name="Front_Eye-P"/>
   <read id="28" name="Front_Eye"/>
   <peg id="29" name="MidEyelash-P"/>
   <read id="30" name="MidEyelash"/>
   <peg id="31" name="Front_Eye-P"/>
   <read id="32" name="Lower_Eyelash"/>
   <peg id="33" name="Wishling_Ear_R-P"/>
   <deform id="34" name="Deformation-Wishling_Ear_R_Deformation-Root"/>
   <deformRoot id="35" name="Deformation-Wishling_Ear_R_Deformation-Root"/>
   <bone id="36" name="Deformation-Wishling_Ear_R_Bone"/>
   <bone id="37" name="Deformation-Wishling_Ear_R_Bone_1"/>
   <read id="38" name="Wishling_Ear_R"/>
   <peg id="39" name="Full_Face_Peg"/>
   <peg id="40" name="Mouth-P"/>
   <read id="41" name="Mouth"/>
   <peg id="42" name="Wishling_head_1-P"/>
   <read id="43" name="HeadLine"/>
   <inverseCutter id="44" name="Cutter_4"/>
   <matte id="45" name="Cutter_4"/>
   <peg id="46" name="Wishling_head_1-P"/>
   <read id="47" name="Wishling_head_1"/>
   <peg id="48" name="Full_Face_Peg"/>
   <peg id="49" name="Full_FrontEye_Peg"/>
   <peg id="50" name="Upper_Eyelash-P"/>
   <read id="51" name="EyePatch_Upper"/>
   <peg id="52" name="Full_Face_Peg"/>
   <peg id="53" name="Full_FrontEye_Peg"/>
   <inverseCutter id="54" name="Cutter_2"/>
   <matte id="55" name="Cutter_2"/>
   <peg id="56" name="Front_Eye-P"/>
   <read id="57" name="Front_Eye"/>
   <peg id="58" name="Pupil-P"/>
   <read id="59" name="Pupil"/>
   <peg id="60" name="Front_Eye-P"/>
   <read id="61" name="Front_Eye"/>
   <inverseCutter id="62" name="Cutter_3"/>
   <matte id="63" name="Cutter_3"/>
   <peg id="64" name="Wishling_head_1-P"/>
   <read id="65" name="Wishling_head_1"/>
   <peg id="66" name="Full_Face_Peg"/>
   <peg id="67" name="Full_BackEye_Peg"/>
   <read id="68" name="Back_Eye"/>
   <peg id="69" name="Wishling_head_1-P"/>
   <read id="70" name="Wishling_head_1"/>
   <peg id="71" name="Wishling_Ear_L-P"/>
   <deform id="72" name="Deformation-Wishling_Ear_L_Deformation-Root"/>
   <deformRoot id="73" name="Deformation-Wishling_Ear_L_Deformation-Root"/>
   <bone id="74" name="Deformation-Wishling_Ear_L_Bone"/>
   <bone id="75" name="Deformation-Wishling_Ear_L_Bone_1"/>
   <read id="76" name="Wishling_Ear_L"/>
   <peg id="77" name="Deformation-Wishling_Torso_Deformation-Wishling_Torso-kinematic"/>
   <peg id="78" name="Deformation-Wishling_Leg_R_-P"/>
   <deform id="79" name="Deformation-Wishling_Leg_R__Deformation-Root"/>
   <deformRoot id="80" name="Deformation-Wishling_Leg_R__Deformation-Root"/>
   <bone id="81" name="Deformation-Wishling_Leg_R__Bone"/>
   <bone id="82" name="Deformation-Wishling_Leg_R__Bone_1"/>
   <bone id="83" name="Deformation-Wishling_Leg_R__Bone_2"/>
   <read id="84" name="Wishling_Foot_R"/>
   <read id="85" name="Wishling_Leg_R"/>
   <deform id="86" name="Deformation-Wishling_Torso_Deformation-Root"/>
   <deformRoot id="87" name="Deformation-Wishling_Torso_Deformation-Root"/>
   <bone id="88" name="Deformation-Wishling_Torso_Bone"/>
   <bone id="89" name="Deformation-Wishling_Torso_Bone_1"/>
   <bone id="90" name="Deformation-Wishling_Torso_Bone_2"/>
   <read id="91" name="Wishling_Torso"/>
   <bone id="92" name="Deformation-Wishling_Torso_Bone"/>
   <peg id="93" name="Deformation-Wishling_Torso_Deformation-Wishling_Torso-kinematic"/>
   <peg id="94" name="Deformation-Wishling_Leg_L-P"/>
   <deform id="95" name="Deformation-Wishling_Leg_L_Deformation-Root"/>
   <deformRoot id="96" name="Deformation-Wishling_Leg_L_Deformation-Root"/>
   <bone id="97" name="Deformation-Wishling_Leg_L_Bone"/>
   <bone id="98" name="Deformation-Wishling_Leg_L_Bone_1"/>
   <bone id="99" name="Deformation-Wishling_Leg_L_Bone_2"/>
   <read id="100" name="Wishling_Foot_L"/>
   <read id="101" name="Wishling_Leg_L"/>
   <peg id="102" name="Wishling_Tail-P"/>
   <deform id="103" name="Deformation-Wishling_Tail_Deformation-Root"/>
   <deformRoot id="104" name="Deformation-Wishling_Tail_Deformation-Root"/>
   <bone id="105" name="Deformation-Wishling_Tail_Bone"/>
   <bone id="106" name="Deformation-Wishling_Tail_Bone_1"/>
   <read id="107" name="Wishling_Tail"/>
   <bone id="108" name="Deformation-Wishling_Torso_Bone_1"/>
   <peg id="109" name="Deformation-Wishling_Torso_Deformation-Wishling_Torso-kinematic_1"/>
   <peg id="110" name="Deformation-Wishling_Arm_L-P"/>
   <deform id="111" name="Deformation-Wishling_Arm_L_Deformation-Root"/>
   <deformRoot id="112" name="Deformation-Wishling_Arm_L_Deformation-Root"/>
   <bone id="113" name="Deformation-Wishling_Arm_L_Bone"/>
   <bone id="114" name="Deformation-Wishling_Arm_L_Bone_1"/>
   <bone id="115" name="Deformation-Wishling_Arm_L_Bone_2"/>
   <read id="116" name="Wishling_Hand_L"/>
   <read id="117" name="Wishling_Arm_L"/>
   <bone id="118" name="Deformation-Wishling_Torso_Bone_2"/>
   <peg id="119" name="Deformation-Wishling_Torso_Deformation-Wishling_Torso-kinematic_2"/>
   <peg id="120" name="Wishling_Head-P"/>
   <peg id="121" name="Full_Face_Peg"/>
   <peg id="122" name="Full_FrontEye_Peg"/>
   <peg id="123" name="Upper_Eyelash-P"/>
   <peg id="124" name="Upper_Eyelash_Back-P"/>
   <read id="125" name="Upper_Eyelash_Back"/>
  </nodes>
  <links>
   <link in="Top" out="0"/>
   <link in="0" out="1"/>
   <link in="1" out="2"/>
   <link in="2" out="3"/>
   <link in="3" out="4"/>
   <link in="4" out="5"/>
   <link in="5" out="6"/>
   <link in="6" out="7"/>
   <link in="7" out="8"/>
   <link in="8" out="9"/>
   <link in="5" out="10"/>
   <link in="5" out="11"/>
   <link in="2" out="12"/>
   <link in="12" out="13"/>
   <link in="13" out="14"/>
   <link in="14" out="15"/>
   <link in="15" out="16"/>
   <link in="16" out="17"/>
   <link in="15" out="18"/>
   <link in="18" out="19"/>
   <link in="15" out="20"/>
   <link in="20" out="21"/>
   <link in="21" out="22"/>
   <link in="20" out="23"/>
   <link in="23" out="24"/>
   <link in="20" out="25"/>
   <link in="25" out="26"/>
   <link in="26" out="27"/>
   <link in="27" out="28"/>
   <link in="25" out="29"/>
   <link in="29" out="30"/>
   <link in="20" out="31"/>
   <link in="31" out="32"/>
   <link in="14" out="33"/>
   <link in="33" out="34"/>
   <link in="34" out="35"/>
   <link in="35" out="36"/>
   <link in="36" out="37"/>
   <link in="34" out="38"/>
   <link in="14" out="39"/>
   <link in="39" out="40"/>
   <link in="40" out="41"/>
   <link in="14" out="42"/>
   <link in="42" out="43"/>
   <link in="14" out="44"/>
   <link in="44" out="45"/>
   <link in="45" out="46"/>
   <link in="46" out="47"/>
   <link in="44" out="48"/>
   <link in="48" out="49"/>
   <link in="49" out="50"/>
   <link in="50" out="51"/>
   <link in="14" out="52"/>
   <link in="52" out="53"/>
   <link in="53" out="54"/>
   <link in="54" out="55"/>
   <link in="55" out="56"/>
   <link in="56" out="57"/>
   <link in="54" out="58"/>
   <link in="58" out="59"/>
   <link in="53" out="60"/>
   <link in="60" out="61"/>
   <link in="14" out="62"/>
   <link in="62" out="63"/>
   <link in="63" out="64"/>
   <link in="64" out="65"/>
   <link in="62" out="66"/>
   <link in="66" out="67"/>
   <link in="67" out="68"/>
   <link in="14" out="69"/>
   <link in="69" out="70"/>
   <link in="14" out="71"/>
   <link in="71" out="72"/>
   <link in="72" out="73"/>
   <link in="73" out="74"/>
   <link in="74" out="75"/>
   <link in="72" out="76"/>
   <link in="1" out="77"/>
   <link in="77" out="78"/>
   <link in="78" out="79"/>
   <link in="79" out="80"/>
   <link in="80" out="81"/>
   <link in="81" out="82"/>
   <link in="82" out="83"/>
   <link in="79" out="84"/>
   <link in="79" out="85"/>
   <link in="0" out="86"/>
   <link in="86" out="87"/>
   <link in="87" out="88"/>
   <link in="88" out="89"/>
   <link in="89" out="90"/>
   <link in="86" out="91"/>
   <link in="0" out="92"/>
   <link in="92" out="93"/>
   <link in="93" out="94"/>
   <link in="94" out="95"/>
   <link in="95" out="96"/>
   <link in="96" out="97"/>
   <link in="97" out="98"/>
   <link in="98" out="99"/>
   <link in="95" out="100"/>
   <link in="95" out="101"/>
   <link in="93" out="102"/>
   <link in="102" out="103"/>
   <link in="103" out="104"/>
   <link in="104" out="105"/>
   <link in="105" out="106"/>
   <link in="103" out="107"/>
   <link in="92" out="108"/>
   <link in="108" out="109"/>
   <link in="109" out="110"/>
   <link in="110" out="111"/>
   <link in="111" out="112"/>
   <link in="112" out="113"/>
   <link in="113" out="114"/>
   <link in="114" out="115"/>
   <link in="111" out="116"/>
   <link in="111" out="117"/>
   <link in="108" out="118"/>
   <link in="118" out="119"/>
   <link in="119" out="120"/>
   <link in="120" out="121"/>
   <link in="121" out="122"/>
   <link in="122" out="123"/>
   <link in="123" out="124"/>
   <link in="124" out="125"/>
  </links>
 </skeleton>
 <skeleton name="Top_5">
  <nodes>
   <peg id="0" name="Wishling_MASTER"/>
   <bone id="1" name="Deformation-Wishling_Torso_Bone"/>
   <bone id="2" name="Deformation-Wishling_Torso_Bone_1"/>
   <peg id="3" name="Deformation-Wishling_Torso_Deformation-Wishling_Torso-kinematic_1"/>
   <peg id="4" name="Deformation-Wishling_Arm_R-P"/>
   <deform id="5" name="Deformation-Wishling_Arm_R_Deformation-Root"/>
   <deformRoot id="6" name="Deformation-Wishling_Arm_R_Deformation-Root"/>
   <bone id="7" name="Deformation-Wishling_Arm_R_Bone"/>
   <bone id="8" name="Deformation-Wishling_Arm_R_Bone_1"/>
   <bone id="9" name="Deformation-Wishling_Arm_R_Bone_2"/>
   <read id="10" name="Wishling_Hand_R"/>
   <read id="11" name="Wishling_Arm_R"/>
   <peg id="12" name="Wishling_Hold-P"/>
   <read id="13" name="Wishling_Hold"/>
   <bone id="14" name="Deformation-Wishling_Torso_Bone"/>
   <bone id="15" name="Deformation-Wishling_Torso_Bone_2"/>
   <peg id="16" name="Deformation-Wishling_Torso_Deformation-Wishling_Torso-kinematic_2"/>
   <peg id="17" name="Wishling_Head-P"/>
   <peg id="18" name="Full_Face_Peg"/>
   <peg id="19" name="Wishling_Horn-Nose_1-P"/>
   <read id="20" name="Wishling_Nose"/>
   <peg id="21" name="Horn-P"/>
   <read id="22" name="Horn"/>
   <peg id="23" name="Full_FrontEye_Peg"/>
   <peg id="24" name="FrontEyebrow-P"/>
   <read id="25" name="FrontEyebrow"/>
   <peg id="26" name="Upper_Eyelash-P"/>
   <read id="27" name="Upper_Eyelash_Front"/>
   <cutter id="28" name="Cutter"/>
   <matte id="29" name="Cutter"/>
   <peg id="30" name="Front_Eye-P"/>
   <read id="31" name="Front_Eye"/>
   <peg id="32" name="MidEyelash-P"/>
   <read id="33" name="MidEyelash"/>
   <peg id="34" name="Front_Eye-P"/>
   <read id="35" name="Lower_Eyelash"/>
   <peg id="36" name="Wishling_Ear_R-P"/>
   <deform id="37" name="Deformation-Wishling_Ear_R_Deformation-Root"/>
   <deformRoot id="38" name="Deformation-Wishling_Ear_R_Deformation-Root"/>
   <bone id="39" name="Deformation-Wishling_Ear_R_Bone"/>
   <bone id="40" name="Deformation-Wishling_Ear_R_Bone_1"/>
   <read id="41" name="Wishling_Ear_R"/>
   <peg id="42" name="Full_Face_Peg"/>
   <peg id="43" name="Mouth-P"/>
   <read id="44" name="Mouth"/>
   <peg id="45" name="Wishling_head_1-P"/>
   <read id="46" name="HeadLine"/>
   <inverseCutter id="47" name="Cutter_4"/>
   <matte id="48" name="Cutter_4"/>
   <peg id="49" name="Wishling_head_1-P"/>
   <read id="50" name="Wishling_head_1"/>
   <peg id="51" name="Full_Face_Peg"/>
   <peg id="52" name="Full_FrontEye_Peg"/>
   <peg id="53" name="Upper_Eyelash-P"/>
   <read id="54" name="EyePatch_Upper"/>
   <peg id="55" name="Full_Face_Peg"/>
   <peg id="56" name="Full_FrontEye_Peg"/>
   <inverseCutter id="57" name="Cutter_2"/>
   <matte id="58" name="Cutter_2"/>
   <peg id="59" name="Front_Eye-P"/>
   <read id="60" name="Front_Eye"/>
   <peg id="61" name="Pupil-P"/>
   <read id="62" name="Pupil"/>
   <peg id="63" name="Front_Eye-P"/>
   <read id="64" name="Front_Eye"/>
   <inverseCutter id="65" name="Cutter_3"/>
   <matte id="66" name="Cutter_3"/>
   <peg id="67" name="Wishling_head_1-P"/>
   <read id="68" name="Wishling_head_1"/>
   <peg id="69" name="Full_Face_Peg"/>
   <peg id="70" name="Full_BackEye_Peg"/>
   <read id="71" name="Back_Eye"/>
   <peg id="72" name="Wishling_head_1-P"/>
   <read id="73" name="Wishling_head_1"/>
   <peg id="74" name="Wishling_Ear_L-P"/>
   <deform id="75" name="Deformation-Wishling_Ear_L_Deformation-Root"/>
   <deformRoot id="76" name="Deformation-Wishling_Ear_L_Deformation-Root"/>
   <bone id="77" name="Deformation-Wishling_Ear_L_Bone"/>
   <bone id="78" name="Deformation-Wishling_Ear_L_Bone_1"/>
   <read id="79" name="Wishling_Ear_L"/>
   <peg id="80" name="Deformation-Wishling_Torso_Deformation-Wishling_Torso-kinematic"/>
   <peg id="81" name="Deformation-Wishling_Leg_R_-P"/>
   <deform id="82" name="Deformation-Wishling_Leg_R__Deformation-Root"/>
   <deformRoot id="83" name="Deformation-Wishling_Leg_R__Deformation-Root"/>
   <bone id="84" name="Deformation-Wishling_Leg_R__Bone"/>
   <bone id="85" name="Deformation-Wishling_Leg_R__Bone_1"/>
   <bone id="86" name="Deformation-Wishling_Leg_R__Bone_2"/>
   <read id="87" name="Wishling_Foot_R"/>
   <read id="88" name="Wishling_Leg_R"/>
   <deform id="89" name="Deformation-Wishling_Torso_Deformation-Root"/>
   <deformRoot id="90" name="Deformation-Wishling_Torso_Deformation-Root"/>
   <bone id="91" name="Deformation-Wishling_Torso_Bone"/>
   <bone id="92" name="Deformation-Wishling_Torso_Bone_1"/>
   <bone id="93" name="Deformation-Wishling_Torso_Bone_2"/>
   <read id="94" name="Wishling_Torso"/>
   <bone id="95" name="Deformation-Wishling_Torso_Bone"/>
   <peg id="96" name="Deformation-Wishling_Torso_Deformation-Wishling_Torso-kinematic"/>
   <peg id="97" name="Deformation-Wishling_Leg_L-P"/>
   <deform id="98" name="Deformation-Wishling_Leg_L_Deformation-Root"/>
   <deformRoot id="99" name="Deformation-Wishling_Leg_L_Deformation-Root"/>
   <bone id="100" name="Deformation-Wishling_Leg_L_Bone"/>
   <bone id="101" name="Deformation-Wishling_Leg_L_Bone_1"/>
   <bone id="102" name="Deformation-Wishling_Leg_L_Bone_2"/>
   <read id="103" name="Wishling_Foot_L"/>
   <read id="104" name="Wishling_Leg_L"/>
   <peg id="105" name="Wishling_Tail-P"/>
   <deform id="106" name="Deformation-Wishling_Tail_Deformation-Root"/>
   <deformRoot id="107" name="Deformation-Wishling_Tail_Deformation-Root"/>
   <bone id="108" name="Deformation-Wishling_Tail_Bone"/>
   <bone id="109" name="Deformation-Wishling_Tail_Bone_1"/>
   <read id="110" name="Wishling_Tail"/>
   <bone id="111" name="Deformation-Wishling_Torso_Bone_1"/>
   <peg id="112" name="Deformation-Wishling_Torso_Deformation-Wishling_Torso-kinematic_1"/>
   <peg id="113" name="Deformation-Wishling_Arm_L-P"/>
   <deform id="114" name="Deformation-Wishling_Arm_L_Deformation-Root"/>
   <deformRoot id="115" name="Deformation-Wishling_Arm_L_Deformation-Root"/>
   <bone id="116" name="Deformation-Wishling_Arm_L_Bone"/>
   <bone id="117" name="Deformation-Wishling_Arm_L_Bone_1"/>
   <bone id="118" name="Deformation-Wishling_Arm_L_Bone_2"/>
   <read id="119" name="Wishling_Hand_L"/>
   <read id="120" name="Wishling_Arm_L"/>
   <bone id="121" name="Deformation-Wishling_Torso_Bone_2"/>
   <peg id="122" name="Deformation-Wishling_Torso_Deformation-Wishling_Torso-kinematic_2"/>
   <peg id="123" name="Wishling_Head-P"/>
   <peg id="124" name="Full_Face_Peg"/>
   <peg id="125" name="Full_FrontEye_Peg"/>
   <peg id="126" name="Upper_Eyelash-P"/>
   <peg id="127" name="Upper_Eyelash_Back-P"/>
   <read id="128" name="Upper_Eyelash_Back"/>
  </nodes>
  <links>
   <link in="Top" out="0"/>
   <link in="0" out="1"/>
   <link in="1" out="2"/>
   <link in="2" out="3"/>
   <link in="3" out="4"/>
   <link in="4" out="5"/>
   <link in="5" out="6"/>
   <link in="6" out="7"/>
   <link in="7" out="8"/>
   <link in="8" out="9"/>
   <link in="5" out="10"/>
   <link in="5" out="11"/>
   <link in="0" out="12"/>
   <link in="12" out="13"/>
   <link in="0" out="14"/>
   <link in="14" out="15"/>
   <link in="15" out="16"/>
   <link in="16" out="17"/>
   <link in="17" out="18"/>
   <link in="18" out="19"/>
   <link in="19" out="20"/>
   <link in="20" out="21"/>
   <link in="21" out="22"/>
   <link in="20" out="23"/>
   <link in="23" out="24"/>
   <link in="24" out="25"/>
   <link in="23" out="26"/>
   <link in="26" out="27"/>
   <link in="23" out="28"/>
   <link in="28" out="29"/>
   <link in="29" out="30"/>
   <link in="30" out="31"/>
   <link in="28" out="32"/>
   <link in="32" out="33"/>
   <link in="23" out="34"/>
   <link in="34" out="35"/>
   <link in="19" out="36"/>
   <link in="36" out="37"/>
   <link in="37" out="38"/>
   <link in="38" out="39"/>
   <link in="39" out="40"/>
   <link in="37" out="41"/>
   <link in="19" out="42"/>
   <link in="42" out="43"/>
   <link in="43" out="44"/>
   <link in="19" out="45"/>
   <link in="45" out="46"/>
   <link in="19" out="47"/>
   <link in="47" out="48"/>
   <link in="48" out="49"/>
   <link in="49" out="50"/>
   <link in="47" out="51"/>
   <link in="51" out="52"/>
   <link in="52" out="53"/>
   <link in="53" out="54"/>
   <link in="19" out="55"/>
   <link in="55" out="56"/>
   <link in="56" out="57"/>
   <link in="57" out="58"/>
   <link in="58" out="59"/>
   <link in="59" out="60"/>
   <link in="57" out="61"/>
   <link in="61" out="62"/>
   <link in="56" out="63"/>
   <link in="63" out="64"/>
   <link in="19" out="65"/>
   <link in="65" out="66"/>
   <link in="66" out="67"/>
   <link in="67" out="68"/>
   <link in="65" out="69"/>
   <link in="69" out="70"/>
   <link in="70" out="71"/>
   <link in="19" out="72"/>
   <link in="72" out="73"/>
   <link in="19" out="74"/>
   <link in="74" out="75"/>
   <link in="75" out="76"/>
   <link in="76" out="77"/>
   <link in="77" out="78"/>
   <link in="75" out="79"/>
   <link in="14" out="80"/>
   <link in="80" out="81"/>
   <link in="81" out="82"/>
   <link in="82" out="83"/>
   <link in="83" out="84"/>
   <link in="84" out="85"/>
   <link in="85" out="86"/>
   <link in="82" out="87"/>
   <link in="82" out="88"/>
   <link in="0" out="89"/>
   <link in="89" out="90"/>
   <link in="90" out="91"/>
   <link in="91" out="92"/>
   <link in="92" out="93"/>
   <link in="89" out="94"/>
   <link in="0" out="95"/>
   <link in="95" out="96"/>
   <link in="96" out="97"/>
   <link in="97" out="98"/>
   <link in="98" out="99"/>
   <link in="99" out="100"/>
   <link in="100" out="101"/>
   <link in="101" out="102"/>
   <link in="98" out="103"/>
   <link in="98" out="104"/>
   <link in="96" out="105"/>
   <link in="105" out="106"/>
   <link in="106" out="107"/>
   <link in="107" out="108"/>
   <link in="108" out="109"/>
   <link in="106" out="110"/>
   <link in="95" out="111"/>
   <link in="111" out="112"/>
   <link in="112" out="113"/>
   <link in="113" out="114"/>
   <link in="114" out="115"/>
   <link in="115" out="116"/>
   <link in="116" out="117"/>
   <link in="117" out="118"/>
   <link in="114" out="119"/>
   <link in="114" out="120"/>
   <link in="111" out="121"/>
   <link in="121" out="122"/>
   <link in="122" out="123"/>
   <link in="123" out="124"/>
   <link in="124" out="125"/>
   <link in="125" out="126"/>
   <link in="126" out="127"/>
   <link in="127" out="128"/>
  </links>
 </skeleton>
 <skeleton name="Top_6">
  <nodes>
   <peg id="0" name="Wishling_MASTER"/>
   <peg id="1" name="Wishling_Hold-P"/>
   <read id="2" name="Wishling_Hold"/>
   <bone id="3" name="Deformation-Wishling_Torso_Bone"/>
   <bone id="4" name="Deformation-Wishling_Torso_Bone_1"/>
   <peg id="5" name="Deformation-Wishling_Torso_Deformation-Wishling_Torso-kinematic_1"/>
   <peg id="6" name="Deformation-Wishling_Arm_R-P"/>
   <deform id="7" name="Deformation-Wishling_Arm_R_Deformation-Root"/>
   <deformRoot id="8" name="Deformation-Wishling_Arm_R_Deformation-Root"/>
   <bone id="9" name="Deformation-Wishling_Arm_R_Bone"/>
   <bone id="10" name="Deformation-Wishling_Arm_R_Bone_1"/>
   <bone id="11" name="Deformation-Wishling_Arm_R_Bone_2"/>
   <read id="12" name="Wishling_Hand_R"/>
   <read id="13" name="Wishling_Arm_R"/>
   <bone id="14" name="Deformation-Wishling_Torso_Bone_2"/>
   <peg id="15" name="Deformation-Wishling_Torso_Deformation-Wishling_Torso-kinematic_2"/>
   <peg id="16" name="Wishling_Head-P"/>
   <peg id="17" name="Full_Face_Peg"/>
   <peg id="18" name="Wishling_Horn-Nose_1-P"/>
   <read id="19" name="Wishling_Nose"/>
   <peg id="20" name="Horn-P"/>
   <read id="21" name="Horn"/>
   <peg id="22" name="Full_FrontEye_Peg"/>
   <peg id="23" name="FrontEyebrow-P"/>
   <read id="24" name="FrontEyebrow"/>
   <peg id="25" name="Upper_Eyelash-P"/>
   <read id="26" name="Upper_Eyelash_Front"/>
   <cutter id="27" name="Cutter"/>
   <matte id="28" name="Cutter"/>
   <peg id="29" name="Front_Eye-P"/>
   <read id="30" name="Front_Eye"/>
   <peg id="31" name="MidEyelash-P"/>
   <read id="32" name="MidEyelash"/>
   <peg id="33" name="Front_Eye-P"/>
   <read id="34" name="Lower_Eyelash"/>
   <peg id="35" name="Wishling_Ear_R-P"/>
   <deform id="36" name="Deformation-Wishling_Ear_R_Deformation-Root"/>
   <deformRoot id="37" name="Deformation-Wishling_Ear_R_Deformation-Root"/>
   <bone id="38" name="Deformation-Wishling_Ear_R_Bone"/>
   <bone id="39" name="Deformation-Wishling_Ear_R_Bone_1"/>
   <read id="40" name="Wishling_Ear_R"/>
   <peg id="41" name="Full_Face_Peg"/>
   <peg id="42" name="Mouth-P"/>
   <read id="43" name="Mouth"/>
   <peg id="44" name="Wishling_head_1-P"/>
   <read id="45" name="HeadLine"/>
   <inverseCutter id="46" name="Cutter_4"/>
   <matte id="47" name="Cutter_4"/>
   <peg id="48" name="Wishling_head_1-P"/>
   <read id="49" name="Wishling_head_1"/>
   <peg id="50" name="Full_Face_Peg"/>
   <peg id="51" name="Full_FrontEye_Peg"/>
   <peg id="52" name="Upper_Eyelash-P"/>
   <read id="53" name="EyePatch_Upper"/>
   <peg id="54" name="Full_Face_Peg"/>
   <peg id="55" name="Full_FrontEye_Peg"/>
   <inverseCutter id="56" name="Cutter_2"/>
   <matte id="57" name="Cutter_2"/>
   <peg id="58" name="Front_Eye-P"/>
   <read id="59" name="Front_Eye"/>
   <peg id="60" name="Pupil-P"/>
   <read id="61" name="Pupil"/>
   <peg id="62" name="Front_Eye-P"/>
   <read id="63" name="Front_Eye"/>
   <inverseCutter id="64" name="Cutter_3"/>
   <matte id="65" name="Cutter_3"/>
   <peg id="66" name="Wishling_head_1-P"/>
   <read id="67" name="Wishling_head_1"/>
   <peg id="68" name="Full_Face_Peg"/>
   <peg id="69" name="Full_BackEye_Peg"/>
   <read id="70" name="Back_Eye"/>
   <peg id="71" name="Wishling_head_1-P"/>
   <read id="72" name="Wishling_head_1"/>
   <peg id="73" name="Wishling_Ear_L-P"/>
   <deform id="74" name="Deformation-Wishling_Ear_L_Deformation-Root"/>
   <deformRoot id="75" name="Deformation-Wishling_Ear_L_Deformation-Root"/>
   <bone id="76" name="Deformation-Wishling_Ear_L_Bone"/>
   <bone id="77" name="Deformation-Wishling_Ear_L_Bone_1"/>
   <read id="78" name="Wishling_Ear_L"/>
   <peg id="79" name="Deformation-Wishling_Torso_Deformation-Wishling_Torso-kinematic"/>
   <peg id="80" name="Deformation-Wishling_Leg_R_-P"/>
   <deform id="81" name="Deformation-Wishling_Leg_R__Deformation-Root"/>
   <deformRoot id="82" name="Deformation-Wishling_Leg_R__Deformation-Root"/>
   <bone id="83" name="Deformation-Wishling_Leg_R__Bone"/>
   <bone id="84" name="Deformation-Wishling_Leg_R__Bone_1"/>
   <bone id="85" name="Deformation-Wishling_Leg_R__Bone_2"/>
   <read id="86" name="Wishling_Foot_R"/>
   <read id="87" name="Wishling_Leg_R"/>
   <deform id="88" name="Deformation-Wishling_Torso_Deformation-Root"/>
   <deformRoot id="89" name="Deformation-Wishling_Torso_Deformation-Root"/>
   <bone id="90" name="Deformation-Wishling_Torso_Bone"/>
   <bone id="91" name="Deformation-Wishling_Torso_Bone_1"/>
   <bone id="92" name="Deformation-Wishling_Torso_Bone_2"/>
   <read id="93" name="Wishling_Torso"/>
   <peg id="94" name="Deformation-Wishling_Torso_Deformation-Wishling_Torso-kinematic"/>
   <peg id="95" name="Deformation-Wishling_Leg_L-P"/>
   <deform id="96" name="Deformation-Wishling_Leg_L_Deformation-Root"/>
   <deformRoot id="97" name="Deformation-Wishling_Leg_L_Deformation-Root"/>
   <bone id="98" name="Deformation-Wishling_Leg_L_Bone"/>
   <bone id="99" name="Deformation-Wishling_Leg_L_Bone_1"/>
   <bone id="100" name="Deformation-Wishling_Leg_L_Bone_2"/>
   <read id="101" name="Wishling_Foot_L"/>
   <read id="102" name="Wishling_Leg_L"/>
   <peg id="103" name="Wishling_Tail-P"/>
   <deform id="104" name="Deformation-Wishling_Tail_Deformation-Root"/>
   <deformRoot id="105" name="Deformation-Wishling_Tail_Deformation-Root"/>
   <bone id="106" name="Deformation-Wishling_Tail_Bone"/>
   <bone id="107" name="Deformation-Wishling_Tail_Bone_1"/>
   <read id="108" name="Wishling_Tail"/>
   <bone id="109" name="Deformation-Wishling_Torso_Bone"/>
   <bone id="110" name="Deformation-Wishling_Torso_Bone_1"/>
   <peg id="111" name="Deformation-Wishling_Torso_Deformation-Wishling_Torso-kinematic_1"/>
   <peg id="112" name="Deformation-Wishling_Arm_L-P"/>
   <deform id="113" name="Deformation-Wishling_Arm_L_Deformation-Root"/>
   <deformRoot id="114" name="Deformation-Wishling_Arm_L_Deformation-Root"/>
   <bone id="115" name="Deformation-Wishling_Arm_L_Bone"/>
   <bone id="116" name="Deformation-Wishling_Arm_L_Bone_1"/>
   <bone id="117" name="Deformation-Wishling_Arm_L_Bone_2"/>
   <read id="118" name="Wishling_Hand_L"/>
   <read id="119" name="Wishling_Arm_L"/>
   <bone id="120" name="Deformation-Wishling_Torso_Bone_2"/>
   <peg id="121" name="Deformation-Wishling_Torso_Deformation-Wishling_Torso-kinematic_2"/>
   <peg id="122" name="Wishling_Head-P"/>
   <peg id="123" name="Full_Face_Peg"/>
   <peg id="124" name="Full_FrontEye_Peg"/>
   <peg id="125" name="Upper_Eyelash-P"/>
   <peg id="126" name="Upper_Eyelash_Back-P"/>
   <read id="127" name="Upper_Eyelash_Back"/>
  </nodes>
  <links>
   <link in="Top" out="0"/>
   <link in="0" out="1"/>
   <link in="1" out="2"/>
   <link in="0" out="3"/>
   <link in="3" out="4"/>
   <link in="4" out="5"/>
   <link in="5" out="6"/>
   <link in="6" out="7"/>
   <link in="7" out="8"/>
   <link in="8" out="9"/>
   <link in="9" out="10"/>
   <link in="10" out="11"/>
   <link in="7" out="12"/>
   <link in="7" out="13"/>
   <link in="4" out="14"/>
   <link in="14" out="15"/>
   <link in="15" out="16"/>
   <link in="16" out="17"/>
   <link in="17" out="18"/>
   <link in="18" out="19"/>
   <link in="17" out="20"/>
   <link in="20" out="21"/>
   <link in="17" out="22"/>
   <link in="22" out="23"/>
   <link in="23" out="24"/>
   <link in="22" out="25"/>
   <link in="25" out="26"/>
   <link in="22" out="27"/>
   <link in="27" out="28"/>
   <link in="28" out="29"/>
   <link in="29" out="30"/>
   <link in="27" out="31"/>
   <link in="31" out="32"/>
   <link in="22" out="33"/>
   <link in="33" out="34"/>
   <link in="16" out="35"/>
   <link in="35" out="36"/>
   <link in="36" out="37"/>
   <link in="37" out="38"/>
   <link in="38" out="39"/>
   <link in="36" out="40"/>
   <link in="16" out="41"/>
   <link in="41" out="42"/>
   <link in="42" out="43"/>
   <link in="16" out="44"/>
   <link in="44" out="45"/>
   <link in="16" out="46"/>
   <link in="46" out="47"/>
   <link in="47" out="48"/>
   <link in="48" out="49"/>
   <link in="46" out="50"/>
   <link in="50" out="51"/>
   <link in="51" out="52"/>
   <link in="52" out="53"/>
   <link in="16" out="54"/>
   <link in="54" out="55"/>
   <link in="55" out="56"/>
   <link in="56" out="57"/>
   <link in="57" out="58"/>
   <link in="58" out="59"/>
   <link in="56" out="60"/>
   <link in="60" out="61"/>
   <link in="55" out="62"/>
   <link in="62" out="63"/>
   <link in="16" out="64"/>
   <link in="64" out="65"/>
   <link in="65" out="66"/>
   <link in="66" out="67"/>
   <link in="64" out="68"/>
   <link in="68" out="69"/>
   <link in="69" out="70"/>
   <link in="16" out="71"/>
   <link in="71" out="72"/>
   <link in="16" out="73"/>
   <link in="73" out="74"/>
   <link in="74" out="75"/>
   <link in="75" out="76"/>
   <link in="76" out="77"/>
   <link in="74" out="78"/>
   <link in="0" out="79"/>
   <link in="79" out="80"/>
   <link in="80" out="81"/>
   <link in="81" out="82"/>
   <link in="82" out="83"/>
   <link in="83" out="84"/>
   <link in="84" out="85"/>
   <link in="81" out="86"/>
   <link in="81" out="87"/>
   <link in="0" out="88"/>
   <link in="88" out="89"/>
   <link in="89" out="90"/>
   <link in="90" out="91"/>
   <link in="91" out="92"/>
   <link in="88" out="93"/>
   <link in="0" out="94"/>
   <link in="94" out="95"/>
   <link in="95" out="96"/>
   <link in="96" out="97"/>
   <link in="97" out="98"/>
   <link in="98" out="99"/>
   <link in="99" out="100"/>
   <link in="96" out="101"/>
   <link in="96" out="102"/>
   <link in="94" out="103"/>
   <link in="103" out="104"/>
   <link in="104" out="105"/>
   <link in="105" out="106"/>
   <link in="106" out="107"/>
   <link in="104" out="108"/>
   <link in="0" out="109"/>
   <link in="109" out="110"/>
   <link in="110" out="111"/>
   <link in="111" out="112"/>
   <link in="112" out="113"/>
   <link in="113" out="114"/>
   <link in="114" out="115"/>
   <link in="115" out="116"/>
   <link in="116" out="117"/>
   <link in="113" out="118"/>
   <link in="113" out="119"/>
   <link in="110" out="120"/>
   <link in="120" out="121"/>
   <link in="121" out="122"/>
   <link in="122" out="123"/>
   <link in="123" out="124"/>
   <link in="124" out="125"/>
   <link in="125" out="126"/>
   <link in="126" out="127"/>
  </links>
 </skeleton>
 <skeleton name="Top_4">
  <nodes>
   <peg id="0" name="Wishling_MASTER"/>
   <peg id="1" name="Wishling_Hold-P"/>
   <read id="2" name="Wishling_Hold"/>
   <bone id="3" name="Deformation-Wishling_Torso_Bone"/>
   <bone id="4" name="Deformation-Wishling_Torso_Bone_1"/>
   <peg id="5" name="Deformation-Wishling_Torso_Deformation-Wishling_Torso-kinematic_1"/>
   <peg id="6" name="Deformation-Wishling_Arm_R-P"/>
   <deform id="7" name="Deformation-Wishling_Arm_R_Deformation-Root"/>
   <deformRoot id="8" name="Deformation-Wishling_Arm_R_Deformation-Root"/>
   <bone id="9" name="Deformation-Wishling_Arm_R_Bone"/>
   <bone id="10" name="Deformation-Wishling_Arm_R_Bone_1"/>
   <bone id="11" name="Deformation-Wishling_Arm_R_Bone_2"/>
   <read id="12" name="Wishling_Hand_R"/>
   <read id="13" name="Wishling_Arm_R"/>
   <bone id="14" name="Deformation-Wishling_Torso_Bone_2"/>
   <peg id="15" name="Deformation-Wishling_Torso_Deformation-Wishling_Torso-kinematic_2"/>
   <peg id="16" name="Wishling_Head-P"/>
   <peg id="17" name="Full_Face_Peg"/>
   <peg id="18" name="Wishling_Horn-Nose_1-P"/>
   <read id="19" name="Wishling_Nose"/>
   <peg id="20" name="Horn-P"/>
   <read id="21" name="Horn"/>
   <peg id="22" name="Full_FrontEye_Peg"/>
   <peg id="23" name="FrontEyebrow-P"/>
   <read id="24" name="FrontEyebrow"/>
   <peg id="25" name="Upper_Eyelash-P"/>
   <read id="26" name="Upper_Eyelash_Front"/>
   <cutter id="27" name="Cutter"/>
   <matte id="28" name="Cutter"/>
   <peg id="29" name="Front_Eye-P"/>
   <read id="30" name="Front_Eye"/>
   <peg id="31" name="MidEyelash-P"/>
   <read id="32" name="MidEyelash"/>
   <peg id="33" name="Front_Eye-P"/>
   <read id="34" name="Lower_Eyelash"/>
   <peg id="35" name="Wishling_Ear_R-P"/>
   <deform id="36" name="Deformation-Wishling_Ear_R_Deformation-Root"/>
   <deformRoot id="37" name="Deformation-Wishling_Ear_R_Deformation-Root"/>
   <bone id="38" name="Deformation-Wishling_Ear_R_Bone"/>
   <bone id="39" name="Deformation-Wishling_Ear_R_Bone_1"/>
   <read id="40" name="Wishling_Ear_R"/>
   <peg id="41" name="Full_Face_Peg"/>
   <peg id="42" name="Mouth-P"/>
   <read id="43" name="Mouth"/>
   <peg id="44" name="Wishling_head_1-P"/>
   <read id="45" name="HeadLine"/>
   <inverseCutter id="46" name="Cutter_4"/>
   <matte id="47" name="Cutter_4"/>
   <peg id="48" name="Wishling_head_1-P"/>
   <read id="49" name="Wishling_head_1"/>
   <peg id="50" name="Full_Face_Peg"/>
   <peg id="51" name="Full_FrontEye_Peg"/>
   <peg id="52" name="Upper_Eyelash-P"/>
   <read id="53" name="EyePatch_Upper"/>
   <peg id="54" name="Full_Face_Peg"/>
   <peg id="55" name="Full_FrontEye_Peg"/>
   <inverseCutter id="56" name="Cutter_2"/>
   <matte id="57" name="Cutter_2"/>
   <peg id="58" name="Front_Eye-P"/>
   <read id="59" name="Front_Eye"/>
   <peg id="60" name="Pupil-P"/>
   <read id="61" name="Pupil"/>
   <peg id="62" name="Front_Eye-P"/>
   <read id="63" name="Front_Eye"/>
   <inverseCutter id="64" name="Cutter_3"/>
   <matte id="65" name="Cutter_3"/>
   <peg id="66" name="Wishling_head_1-P"/>
   <read id="67" name="Wishling_head_1"/>
   <peg id="68" name="Full_Face_Peg"/>
   <peg id="69" name="Full_BackEye_Peg"/>
   <read id="70" name="Back_Eye"/>
   <peg id="71" name="Wishling_head_1-P"/>
   <read id="72" name="Wishling_head_1"/>
   <peg id="73" name="Wishling_Ear_L-P"/>
   <deform id="74" name="Deformation-Wishling_Ear_L_Deformation-Root"/>
   <deformRoot id="75" name="Deformation-Wishling_Ear_L_Deformation-Root"/>
   <bone id="76" name="Deformation-Wishling_Ear_L_Bone"/>
   <bone id="77" name="Deformation-Wishling_Ear_L_Bone_1"/>
   <read id="78" name="Wishling_Ear_L"/>
   <peg id="79" name="Deformation-Wishling_Torso_Deformation-Wishling_Torso-kinematic"/>
   <peg id="80" name="Deformation-Wishling_Leg_R_-P"/>
   <deform id="81" name="Deformation-Wishling_Leg_R__Deformation-Root"/>
   <deformRoot id="82" name="Deformation-Wishling_Leg_R__Deformation-Root"/>
   <bone id="83" name="Deformation-Wishling_Leg_R__Bone"/>
   <bone id="84" name="Deformation-Wishling_Leg_R__Bone_1"/>
   <bone id="85" name="Deformation-Wishling_Leg_R__Bone_2"/>
   <read id="86" name="Wishling_Foot_R"/>
   <read id="87" name="Wishling_Leg_R"/>
   <deform id="88" name="Deformation-Wishling_Torso_Deformation-Root"/>
   <deformRoot id="89" name="Deformation-Wishling_Torso_Deformation-Root"/>
   <bone id="90" name="Deformation-Wishling_Torso_Bone"/>
   <bone id="91" name="Deformation-Wishling_Torso_Bone_1"/>
   <bone id="92" name="Deformation-Wishling_Torso_Bone_2"/>
   <read id="93" name="Wishling_Torso"/>
   <bone id="94" name="Deformation-Wishling_Torso_Bone"/>
   <peg id="95" name="Deformation-Wishling_Torso_Deformation-Wishling_Torso-kinematic"/>
   <peg id="96" name="Deformation-Wishling_Leg_L-P"/>
   <deform id="97" name="Deformation-Wishling_Leg_L_Deformation-Root"/>
   <deformRoot id="98" name="Deformation-Wishling_Leg_L_Deformation-Root"/>
   <bone id="99" name="Deformation-Wishling_Leg_L_Bone"/>
   <bone id="100" name="Deformation-Wishling_Leg_L_Bone_1"/>
   <bone id="101" name="Deformation-Wishling_Leg_L_Bone_2"/>
   <read id="102" name="Wishling_Foot_L"/>
   <read id="103" name="Wishling_Leg_L"/>
   <peg id="104" name="Wishling_Tail-P"/>
   <deform id="105" name="Deformation-Wishling_Tail_Deformation-Root"/>
   <deformRoot id="106" name="Deformation-Wishling_Tail_Deformation-Root"/>
   <bone id="107" name="Deformation-Wishling_Tail_Bone"/>
   <bone id="108" name="Deformation-Wishling_Tail_Bone_1"/>
   <read id="109" name="Wishling_Tail"/>
   <bone id="110" name="Deformation-Wishling_Torso_Bone_1"/>
   <peg id="111" name="Deformation-Wishling_Torso_Deformation-Wishling_Torso-kinematic_1"/>
   <peg id="112" name="Deformation-Wishling_Arm_L-P"/>
   <deform id="113" name="Deformation-Wishling_Arm_L_Deformation-Root"/>
   <deformRoot id="114" name="Deformation-Wishling_Arm_L_Deformation-Root"/>
   <bone id="115" name="Deformation-Wishling_Arm_L_Bone"/>
   <bone id="116" name="Deformation-Wishling_Arm_L_Bone_1"/>
   <bone id="117" name="Deformation-Wishling_Arm_L_Bone_2"/>
   <read id="118" name="Wishling_Hand_L"/>
   <read id="119" name="Wishling_Arm_L"/>
   <bone id="120" name="Deformation-Wishling_Torso_Bone_2"/>
   <peg id="121" name="Deformation-Wishling_Torso_Deformation-Wishling_Torso-kinematic_2"/>
   <peg id="122" name="Wishling_Head-P"/>
   <peg id="123" name="Full_Face_Peg"/>
   <peg id="124" name="Full_FrontEye_Peg"/>
   <peg id="125" name="Upper_Eyelash-P"/>
   <peg id="126" name="Upper_Eyelash_Back-P"/>
   <read id="127" name="Upper_Eyelash_Back"/>
  </nodes>
  <links>
   <link in="Top" out="0"/>
   <link in="0" out="1"/>
   <link in="1" out="2"/>
   <link in="0" out="3"/>
   <link in="3" out="4"/>
   <link in="4" out="5"/>
   <link in="5" out="6"/>
   <link in="6" out="7"/>
   <link in="7" out="8"/>
   <link in="8" out="9"/>
   <link in="9" out="10"/>
   <link in="10" out="11"/>
   <link in="7" out="12"/>
   <link in="7" out="13"/>
   <link in="4" out="14"/>
   <link in="14" out="15"/>
   <link in="15" out="16"/>
   <link in="16" out="17"/>
   <link in="17" out="18"/>
   <link in="18" out="19"/>
   <link in="17" out="20"/>
   <link in="20" out="21"/>
   <link in="17" out="22"/>
   <link in="22" out="23"/>
   <link in="23" out="24"/>
   <link in="22" out="25"/>
   <link in="25" out="26"/>
   <link in="22" out="27"/>
   <link in="27" out="28"/>
   <link in="28" out="29"/>
   <link in="29" out="30"/>
   <link in="27" out="31"/>
   <link in="31" out="32"/>
   <link in="22" out="33"/>
   <link in="33" out="34"/>
   <link in="16" out="35"/>
   <link in="35" out="36"/>
   <link in="36" out="37"/>
   <link in="37" out="38"/>
   <link in="38" out="39"/>
   <link in="36" out="40"/>
   <link in="16" out="41"/>
   <link in="41" out="42"/>
   <link in="42" out="43"/>
   <link in="16" out="44"/>
   <link in="44" out="45"/>
   <link in="16" out="46"/>
   <link in="46" out="47"/>
   <link in="47" out="48"/>
   <link in="48" out="49"/>
   <link in="46" out="50"/>
   <link in="50" out="51"/>
   <link in="51" out="52"/>
   <link in="52" out="53"/>
   <link in="16" out="54"/>
   <link in="54" out="55"/>
   <link in="55" out="56"/>
   <link in="56" out="57"/>
   <link in="57" out="58"/>
   <link in="58" out="59"/>
   <link in="56" out="60"/>
   <link in="60" out="61"/>
   <link in="55" out="62"/>
   <link in="62" out="63"/>
   <link in="16" out="64"/>
   <link in="64" out="65"/>
   <link in="65" out="66"/>
   <link in="66" out="67"/>
   <link in="64" out="68"/>
   <link in="68" out="69"/>
   <link in="69" out="70"/>
   <link in="16" out="71"/>
   <link in="71" out="72"/>
   <link in="16" out="73"/>
   <link in="73" out="74"/>
   <link in="74" out="75"/>
   <link in="75" out="76"/>
   <link in="76" out="77"/>
   <link in="74" out="78"/>
   <link in="3" out="79"/>
   <link in="79" out="80"/>
   <link in="80" out="81"/>
   <link in="81" out="82"/>
   <link in="82" out="83"/>
   <link in="83" out="84"/>
   <link in="84" out="85"/>
   <link in="81" out="86"/>
   <link in="81" out="87"/>
   <link in="0" out="88"/>
   <link in="88" out="89"/>
   <link in="89" out="90"/>
   <link in="90" out="91"/>
   <link in="91" out="92"/>
   <link in="88" out="93"/>
   <link in="0" out="94"/>
   <link in="94" out="95"/>
   <link in="95" out="96"/>
   <link in="96" out="97"/>
   <link in="97" out="98"/>
   <link in="98" out="99"/>
   <link in="99" out="100"/>
   <link in="100" out="101"/>
   <link in="97" out="102"/>
   <link in="97" out="103"/>
   <link in="95" out="104"/>
   <link in="104" out="105"/>
   <link in="105" out="106"/>
   <link in="106" out="107"/>
   <link in="107" out="108"/>
   <link in="105" out="109"/>
   <link in="94" out="110"/>
   <link in="110" out="111"/>
   <link in="111" out="112"/>
   <link in="112" out="113"/>
   <link in="113" out="114"/>
   <link in="114" out="115"/>
   <link in="115" out="116"/>
   <link in="116" out="117"/>
   <link in="113" out="118"/>
   <link in="113" out="119"/>
   <link in="110" out="120"/>
   <link in="120" out="121"/>
   <link in="121" out="122"/>
   <link in="122" out="123"/>
   <link in="123" out="124"/>
   <link in="124" out="125"/>
   <link in="125" out="126"/>
   <link in="126" out="127"/>
  </links>
 </skeleton>
</skeletons>
