<!DOCTYPE spritesheets>
<spritesheets>
 <spritesheet resolution="ipad" name="sheet_Top" filename="spriteSheets/sheet_Top-ipad.png">
  <sprite scaleY="1" rect="1957,80,78,180" offsetX="-3.2745" offsetY="-38.4352" name="44-Wishling_Torso-1.png" scaleX="1"/>
  <sprite scaleY="1" rect="1850,80,107,175" offsetX="-42.0634" offsetY="-155.018" name="18-Wishling_Leg_R-1.png" scaleX="1"/>
  <sprite scaleY="1" rect="1764,80,86,163" offsetX="-46.3851" offsetY="-81.8965" name="15-Wishling_Arm_R-1.png" scaleX="1"/>
  <sprite scaleY="1" rect="1632,80,132,159" offsetX="0.325333" offsetY="62.2187" name="29-HeadLine-1.png" scaleX="1"/>
  <sprite scaleY="1" rect="1504,80,128,155" offsetX="0.325333" offsetY="62.2187" name="37-Wishling_head-1.png" scaleX="1"/>
  <sprite scaleY="1" rect="1443,80,61,149" offsetX="4.9408" offsetY="-155.733" name="19-Wishling_Leg_L-1.png" scaleX="1"/>
  <sprite scaleY="1" rect="1317,80,126,138" offsetX="-11.408" offsetY="86.2037" name="32-Upper_Eyelash_Back-1.png" scaleX="1"/>
  <sprite scaleY="1" rect="1172,80,145,135" offsetX="-40.1595" offsetY="-163.747" name="22-Wishling_Hand_R-3.png" scaleX="1"/>
  <sprite scaleY="1" rect="1071,80,101,134" offsetX="2.24427" offsetY="88.5077" name="42-Upper_Eyelash_Back-1.png" scaleX="1"/>
  <sprite scaleY="1" rect="962,80,109,132" offsetX="29.0542" offsetY="-79.5278" name="16-Wishling_Arm_L-1.png" scaleX="1"/>
  <sprite scaleY="1" rect="841,80,121,122" offsetX="-40.8375" offsetY="-161.686" name="22-Wishling_Hand_R-2.png" scaleX="1"/>
  <sprite scaleY="1" rect="750,80,91,122" offsetX="21.3728" offsetY="87.6459" name="39-EyePatch_Upper-1.png" scaleX="1"/>
  <sprite scaleY="1" rect="641,80,109,106" offsetX="77.7357" offsetY="-135.401" name="23-Wishling_Hand_L-2.png" scaleX="1"/>
  <sprite scaleY="1" rect="552,80,89,103" offsetX="67.2365" offsetY="-133.51" name="23-Wishling_Hand_L-1.png" scaleX="1"/>
  <sprite scaleY="1" rect="456,80,96,99" offsetX="-43.2524" offsetY="-148.87" name="22-Wishling_Hand_R-1.png" scaleX="1"/>
  <sprite scaleY="1" rect="373,80,83,95" offsetX="11.6245" offsetY="-230.882" name="20-Wishling_Foot_L-3.png" scaleX="1"/>
  <sprite scaleY="1" rect="294,80,79,94" offsetX="-62.4176" offsetY="-236.445" name="21-Wishling_Foot_R-3.png" scaleX="1"/>
  <sprite scaleY="1" rect="239,80,55,89" offsetX="30.072" offsetY="75.3158" name="36-FrontEyebrow-1.png" scaleX="1"/>
  <sprite scaleY="1" rect="97,80,142,81" offsetX="-85.2814" offsetY="59.8755" name="7-Wishling_Ear_R-1.png" scaleX="1"/>
  <sprite scaleY="1" rect="55,80,42,81" offsetX="63.5773" offsetY="49.7491" name="33-Back_Eye-1.png" scaleX="1"/>
  <sprite scaleY="1" rect="0,80,55,73" offsetX="17.7803" offsetY="46.5749" name="41-Front_Eye-1.png" scaleX="1"/>
  <sprite scaleY="1" rect="1908,0,127,80" offsetX="-58.7285" offsetY="68.5376" name="8-Wishling_Ear_L-1.png" scaleX="1"/>
  <sprite scaleY="1" rect="1826,0,82,79" offsetX="-9.20213" offsetY="65.0091" name="40-MidEyelash-1.png" scaleX="1"/>
  <sprite scaleY="1" rect="1793,0,33,66" offsetX="47.6747" offsetY="95.12" name="38-Horn-1.png" scaleX="1"/>
  <sprite scaleY="1" rect="1679,0,114,64" offsetX="25.45" offsetY="-212.842" name="20-Wishling_Foot_L-2.png" scaleX="1"/>
  <sprite scaleY="1" rect="1558,0,121,62" offsetX="-56.8381" offsetY="-99.6896" name="17-Wishling_Tail-1.png" scaleX="1"/>
  <sprite scaleY="1" rect="1443,0,115,60" offsetX="-52.3694" offsetY="-217.088" name="21-Wishling_Foot_R-2.png" scaleX="1"/>
  <sprite scaleY="1" rect="1339,0,104,60" offsetX="19.555" offsetY="-214.012" name="20-Wishling_Foot_L-1.png" scaleX="1"/>
  <sprite scaleY="1" rect="1246,0,93,58" offsetX="-65.6039" offsetY="-217.753" name="21-Wishling_Foot_R-1.png" scaleX="1"/>
  <sprite scaleY="1" rect="1220,0,26,51" offsetX="33.4507" offsetY="34.6987" name="34-Pupil-1.png" scaleX="1"/>
  <sprite scaleY="1" rect="1195,0,25,36" offsetX="45.9552" offsetY="17.7088" name="31-Wishling_Nose-1.png" scaleX="1"/>
  <sprite scaleY="1" rect="1138,0,57,33" offsetX="13.1179" offsetY="24.9675" name="30-Lower_Eyelash-1.png" scaleX="1"/>
 </spritesheet>
 <spritesheet resolution="iphone" name="sheet_Top" filename="spriteSheets/sheet_Top-iphone.png">
  <sprite scaleY="1.06667" rect="1972,75,74,170" offsetX="-3.06984" offsetY="-36.033" name="44-Wishling_Torso-1.png" scaleX="1.06667"/>
  <sprite scaleY="1.06667" rect="1871,75,101,165" offsetX="-39.4344" offsetY="-145.329" name="18-Wishling_Leg_R-1.png" scaleX="1.06667"/>
  <sprite scaleY="1.06667" rect="1790,75,81,153" offsetX="-43.486" offsetY="-76.778" name="15-Wishling_Arm_R-1.png" scaleX="1.06667"/>
  <sprite scaleY="1.06667" rect="1665,75,125,150" offsetX="0.305" offsetY="58.33" name="29-HeadLine-1.png" scaleX="1.06667"/>
  <sprite scaleY="1.06667" rect="1544,75,121,146" offsetX="0.305" offsetY="58.33" name="37-Wishling_head-1.png" scaleX="1.06667"/>
  <sprite scaleY="1.06667" rect="1486,75,58,141" offsetX="4.632" offsetY="-146" name="19-Wishling_Leg_L-1.png" scaleX="1.06667"/>
  <sprite scaleY="1.06667" rect="1367,75,119,130" offsetX="-10.695" offsetY="80.816" name="32-Upper_Eyelash_Back-1.png" scaleX="1.06667"/>
  <sprite scaleY="1.06667" rect="1230,75,137,128" offsetX="-37.6495" offsetY="-153.513" name="22-Wishling_Hand_R-3.png" scaleX="1.06667"/>
  <sprite scaleY="1.06667" rect="1135,75,95,126" offsetX="2.104" offsetY="82.976" name="42-Upper_Eyelash_Back-1.png" scaleX="1.06667"/>
  <sprite scaleY="1.06667" rect="1032,75,103,125" offsetX="27.2384" offsetY="-74.5574" name="16-Wishling_Arm_L-1.png" scaleX="1.06667"/>
  <sprite scaleY="1.06667" rect="917,75,115,115" offsetX="-38.2851" offsetY="-151.581" name="22-Wishling_Hand_R-2.png" scaleX="1.06667"/>
  <sprite scaleY="1.06667" rect="831,75,86,115" offsetX="20.037" offsetY="82.168" name="39-EyePatch_Upper-1.png" scaleX="1.06667"/>
  <sprite scaleY="1.06667" rect="728,75,103,100" offsetX="72.8772" offsetY="-126.938" name="23-Wishling_Hand_L-2.png" scaleX="1.06667"/>
  <sprite scaleY="1.06667" rect="644,75,84,98" offsetX="63.0342" offsetY="-125.166" name="23-Wishling_Hand_L-1.png" scaleX="1.06667"/>
  <sprite scaleY="1.06667" rect="553,75,91,94" offsetX="-40.5492" offsetY="-139.566" name="22-Wishling_Hand_R-1.png" scaleX="1.06667"/>
  <sprite scaleY="1.06667" rect="474,75,79,89" offsetX="10.8979" offsetY="-216.452" name="20-Wishling_Foot_L-3.png" scaleX="1.06667"/>
  <sprite scaleY="1.06667" rect="399,75,75,89" offsetX="-58.5165" offsetY="-221.667" name="21-Wishling_Foot_R-3.png" scaleX="1.06667"/>
  <sprite scaleY="1.06667" rect="346,75,53,84" offsetX="28.1925" offsetY="70.6085" name="36-FrontEyebrow-1.png" scaleX="1.06667"/>
  <sprite scaleY="1.06667" rect="212,75,134,77" offsetX="-79.9513" offsetY="56.1332" name="7-Wishling_Ear_R-1.png" scaleX="1.06667"/>
  <sprite scaleY="1.06667" rect="172,75,40,77" offsetX="59.6037" offsetY="46.6397" name="33-Back_Eye-1.png" scaleX="1.06667"/>
  <sprite scaleY="1.06667" rect="52,75,120,76" offsetX="-55.058" offsetY="64.254" name="8-Wishling_Ear_L-1.png" scaleX="1.06667"/>
  <sprite scaleY="1.06667" rect="0,75,52,70" offsetX="16.669" offsetY="43.664" name="41-Front_Eye-1.png" scaleX="1.06667"/>
  <sprite scaleY="1.06667" rect="1969,0,77,75" offsetX="-8.627" offsetY="60.946" name="40-MidEyelash-1.png" scaleX="1.06667"/>
  <sprite scaleY="1.06667" rect="1937,0,32,62" offsetX="44.695" offsetY="89.175" name="38-Horn-1.png" scaleX="1.06667"/>
  <sprite scaleY="1.06667" rect="1829,0,108,60" offsetX="23.8594" offsetY="-199.539" name="20-Wishling_Foot_L-2.png" scaleX="1.06667"/>
  <sprite scaleY="1.06667" rect="1715,0,114,59" offsetX="-53.2857" offsetY="-93.459" name="17-Wishling_Tail-1.png" scaleX="1.06667"/>
  <sprite scaleY="1.06667" rect="1607,0,108,57" offsetX="-49.0963" offsetY="-203.52" name="21-Wishling_Foot_R-2.png" scaleX="1.06667"/>
  <sprite scaleY="1.06667" rect="1508,0,99,57" offsetX="18.3328" offsetY="-200.636" name="20-Wishling_Foot_L-1.png" scaleX="1.06667"/>
  <sprite scaleY="1.06667" rect="1420,0,88,55" offsetX="-61.5036" offsetY="-204.143" name="21-Wishling_Foot_R-1.png" scaleX="1.06667"/>
  <sprite scaleY="1.06667" rect="1395,0,25,49" offsetX="31.36" offsetY="32.53" name="34-Pupil-1.png" scaleX="1.06667"/>
  <sprite scaleY="1.06667" rect="1371,0,24,34" offsetX="43.083" offsetY="16.602" name="31-Wishling_Nose-1.png" scaleX="1.06667"/>
  <sprite scaleY="1.06667" rect="1316,0,55,31" offsetX="12.298" offsetY="23.407" name="30-Lower_Eyelash-1.png" scaleX="1.06667"/>
 </spritesheet>
 <spritesheet resolution="iphone-retina" name="sheet_Top" filename="spriteSheets/sheet_Top-iphone-retina.png">
  <sprite scaleY="0.450704" rect="1866,445,160,386" offsetX="-7.26529" offsetY="-85.2781" name="44-Wishling_Torso-1.png" scaleX="0.450704"/>
  <sprite scaleY="0.450704" rect="1643,445,223,374" offsetX="-93.3281" offsetY="-343.946" name="18-Wishling_Leg_R-1.png" scaleX="0.450704"/>
  <sprite scaleY="0.450704" rect="1467,445,176,347" offsetX="-102.917" offsetY="-181.708" name="15-Wishling_Arm_R-1.png" scaleX="0.450704"/>
  <sprite scaleY="0.450704" rect="1187,445,280,340" offsetX="0.721833" offsetY="138.048" name="29-HeadLine-1.png" scaleX="0.450704"/>
  <sprite scaleY="0.450704" rect="916,445,271,330" offsetX="0.721833" offsetY="138.048" name="37-Wishling_head-1.png" scaleX="0.450704"/>
  <sprite scaleY="0.450704" rect="794,445,122,318" offsetX="10.9624" offsetY="-345.533" name="19-Wishling_Leg_L-1.png" scaleX="0.450704"/>
  <sprite scaleY="0.450704" rect="528,445,266,293" offsetX="-25.3115" offsetY="191.265" name="32-Upper_Eyelash_Back-1.png" scaleX="0.450704"/>
  <sprite scaleY="0.450704" rect="220,445,308,286" offsetX="-89.1038" offsetY="-363.314" name="22-Wishling_Hand_R-3.png" scaleX="0.450704"/>
  <sprite scaleY="0.450704" rect="11,445,209,282" offsetX="4.97947" offsetY="196.377" name="42-Upper_Eyelash_Back-1.png" scaleX="0.450704"/>
  <sprite scaleY="0.450704" rect="1799,166,227,279" offsetX="64.4641" offsetY="-176.452" name="16-Wishling_Arm_L-1.png" scaleX="0.450704"/>
  <sprite scaleY="0.450704" rect="1544,166,255,257" offsetX="-90.6081" offsetY="-358.741" name="22-Wishling_Hand_R-2.png" scaleX="0.450704"/>
  <sprite scaleY="0.450704" rect="1357,166,187,256" offsetX="47.4209" offsetY="194.464" name="39-EyePatch_Upper-1.png" scaleX="0.450704"/>
  <sprite scaleY="0.450704" rect="1129,166,228,222" offsetX="172.476" offsetY="-300.42" name="23-Wishling_Hand_L-2.png" scaleX="0.450704"/>
  <sprite scaleY="0.450704" rect="946,166,183,215" offsetX="149.181" offsetY="-296.226" name="23-Wishling_Hand_L-1.png" scaleX="0.450704"/>
  <sprite scaleY="0.450704" rect="746,166,200,206" offsetX="-95.9664" offsetY="-330.306" name="22-Wishling_Hand_R-1.png" scaleX="0.450704"/>
  <sprite scaleY="0.450704" rect="576,166,170,196" offsetX="25.7918" offsetY="-512.269" name="20-Wishling_Foot_L-3.png" scaleX="0.450704"/>
  <sprite scaleY="0.450704" rect="414,166,162,194" offsetX="-138.489" offsetY="-524.613" name="21-Wishling_Foot_R-3.png" scaleX="0.450704"/>
  <sprite scaleY="0.450704" rect="305,166,109,182" offsetX="66.7222" offsetY="167.107" name="36-FrontEyebrow-1.png" scaleX="0.450704"/>
  <sprite scaleY="0.450704" rect="3,166,302,166" offsetX="-189.218" offsetY="132.849" name="7-Wishling_Ear_R-1.png" scaleX="0.450704"/>
  <sprite scaleY="0.450704" rect="1946,0,80,166" offsetX="141.062" offsetY="110.381" name="33-Back_Eye-1.png" scaleX="0.450704"/>
  <sprite scaleY="0.450704" rect="1678,0,268,164" offsetX="-130.304" offsetY="152.068" name="8-Wishling_Ear_L-1.png" scaleX="0.450704"/>
  <sprite scaleY="0.450704" rect="1510,0,168,162" offsetX="-20.4172" offsetY="144.239" name="40-MidEyelash-1.png" scaleX="0.450704"/>
  <sprite scaleY="0.450704" rect="1402,0,108,149" offsetX="39.45" offsetY="103.338" name="41-Front_Eye-1.png" scaleX="0.450704"/>
  <sprite scaleY="0.450704" rect="1343,0,59,132" offsetX="105.778" offsetY="211.048" name="38-Horn-1.png" scaleX="0.450704"/>
  <sprite scaleY="0.450704" rect="1104,0,239,127" offsetX="56.4672" offsetY="-472.243" name="20-Wishling_Foot_L-2.png" scaleX="0.450704"/>
  <sprite scaleY="0.450704" rect="849,0,255,124" offsetX="-126.11" offsetY="-221.186" name="17-Wishling_Tail-1.png" scaleX="0.450704"/>
  <sprite scaleY="0.450704" rect="631,0,218,119" offsetX="43.3877" offsetY="-474.84" name="20-Wishling_Foot_L-1.png" scaleX="0.450704"/>
  <sprite scaleY="0.450704" rect="391,0,240,118" offsetX="-116.195" offsetY="-481.665" name="21-Wishling_Foot_R-2.png" scaleX="0.450704"/>
  <sprite scaleY="0.450704" rect="199,0,192,115" offsetX="-145.559" offsetY="-483.139" name="21-Wishling_Foot_R-1.png" scaleX="0.450704"/>
  <sprite scaleY="0.450704" rect="155,0,44,100" offsetX="74.2187" offsetY="76.9877" name="34-Pupil-1.png" scaleX="0.450704"/>
  <sprite scaleY="0.450704" rect="113,0,42,65" offsetX="101.963" offsetY="39.2914" name="31-Wishling_Nose-1.png" scaleX="0.450704"/>
  <sprite scaleY="0.450704" rect="0,0,113,58" offsetX="29.1053" offsetY="55.3966" name="30-Lower_Eyelash-1.png" scaleX="0.450704"/>
 </spritesheet>
 <spritesheet resolution="low" name="sheet_Top" filename="spriteSheets/sheet_Top-low.png">
  <sprite scaleY="4" rect="992,0,28,54" offsetX="-0.818625" offsetY="-9.6088" name="44-Wishling_Torso-1.png" scaleX="4"/>
  <sprite scaleY="4" rect="957,0,35,52" offsetX="-10.5158" offsetY="-38.7545" name="18-Wishling_Leg_R-1.png" scaleX="4"/>
  <sprite scaleY="4" rect="927,0,30,49" offsetX="-11.5963" offsetY="-20.4741" name="15-Wishling_Arm_R-1.png" scaleX="4"/>
  <sprite scaleY="4" rect="885,0,42,48" offsetX="0.0813333" offsetY="15.5547" name="29-HeadLine-1.png" scaleX="4"/>
  <sprite scaleY="4" rect="844,0,41,47" offsetX="0.0813333" offsetY="15.5547" name="37-Wishling_head-1.png" scaleX="4"/>
  <sprite scaleY="4" rect="820,0,24,46" offsetX="1.2352" offsetY="-38.9333" name="19-Wishling_Leg_L-1.png" scaleX="4"/>
  <sprite scaleY="4" rect="780,0,40,43" offsetX="-2.852" offsetY="21.5509" name="32-Upper_Eyelash_Back-1.png" scaleX="4"/>
  <sprite scaleY="4" rect="735,0,45,42" offsetX="-10.0399" offsetY="-40.9367" name="22-Wishling_Hand_R-3.png" scaleX="4"/>
  <sprite scaleY="4" rect="699,0,36,42" offsetX="7.26356" offsetY="-19.882" name="16-Wishling_Arm_L-1.png" scaleX="4"/>
  <sprite scaleY="4" rect="665,0,34,42" offsetX="0.561067" offsetY="22.1269" name="42-Upper_Eyelash_Back-1.png" scaleX="4"/>
  <sprite scaleY="4" rect="626,0,39,39" offsetX="-10.2094" offsetY="-40.4215" name="22-Wishling_Hand_R-2.png" scaleX="4"/>
  <sprite scaleY="4" rect="595,0,31,39" offsetX="5.3432" offsetY="21.9115" name="39-EyePatch_Upper-1.png" scaleX="4"/>
  <sprite scaleY="4" rect="559,0,36,35" offsetX="19.4339" offsetY="-33.8501" name="23-Wishling_Hand_L-2.png" scaleX="4"/>
  <sprite scaleY="4" rect="528,0,31,34" offsetX="16.8091" offsetY="-33.3776" name="23-Wishling_Hand_L-1.png" scaleX="4"/>
  <sprite scaleY="4" rect="495,0,33,33" offsetX="-10.8131" offsetY="-37.2176" name="22-Wishling_Hand_R-1.png" scaleX="4"/>
  <sprite scaleY="4" rect="466,0,29,32" offsetX="2.90612" offsetY="-57.7205" name="20-Wishling_Foot_L-3.png" scaleX="4"/>
  <sprite scaleY="4" rect="438,0,28,32" offsetX="-15.6044" offsetY="-59.1113" name="21-Wishling_Foot_R-3.png" scaleX="4"/>
  <sprite scaleY="4" rect="416,0,22,31" offsetX="7.51799" offsetY="18.8289" name="36-FrontEyebrow-1.png" scaleX="4"/>
  <sprite scaleY="4" rect="372,0,44,29" offsetX="-21.3203" offsetY="14.9689" name="7-Wishling_Ear_R-1.png" scaleX="4"/>
  <sprite scaleY="4" rect="332,0,40,29" offsetX="-14.6821" offsetY="17.1344" name="8-Wishling_Ear_L-1.png" scaleX="4"/>
  <sprite scaleY="4" rect="313,0,19,29" offsetX="15.8943" offsetY="12.4373" name="33-Back_Eye-1.png" scaleX="4"/>
  <sprite scaleY="4" rect="284,0,29,28" offsetX="-2.30053" offsetY="16.2523" name="40-MidEyelash-1.png" scaleX="4"/>
  <sprite scaleY="4" rect="262,0,22,27" offsetX="4.44507" offsetY="11.6437" name="41-Front_Eye-1.png" scaleX="4"/>
  <sprite scaleY="4" rect="225,0,37,25" offsetX="6.3625" offsetY="-53.2105" name="20-Wishling_Foot_L-2.png" scaleX="4"/>
  <sprite scaleY="4" rect="208,0,17,25" offsetX="11.9187" offsetY="23.78" name="38-Horn-1.png" scaleX="4"/>
  <sprite scaleY="4" rect="169,0,39,24" offsetX="-14.2095" offsetY="-24.9224" name="17-Wishling_Tail-1.png" scaleX="4"/>
  <sprite scaleY="4" rect="132,0,37,24" offsetX="-13.0924" offsetY="-54.2721" name="21-Wishling_Foot_R-2.png" scaleX="4"/>
  <sprite scaleY="4" rect="97,0,35,24" offsetX="4.88875" offsetY="-53.503" name="20-Wishling_Foot_L-1.png" scaleX="4"/>
  <sprite scaleY="4" rect="65,0,32,23" offsetX="-16.401" offsetY="-54.4382" name="21-Wishling_Foot_R-1.png" scaleX="4"/>
  <sprite scaleY="4" rect="50,0,15,21" offsetX="8.36267" offsetY="8.67467" name="34-Pupil-1.png" scaleX="4"/>
  <sprite scaleY="4" rect="35,0,15,18" offsetX="11.4888" offsetY="4.4272" name="31-Wishling_Nose-1.png" scaleX="4"/>
  <sprite scaleY="4" rect="12,0,23,17" offsetX="3.27947" offsetY="6.24187" name="30-Lower_Eyelash-1.png" scaleX="4"/>
  <sprite scaleY="4" rect="0,0,12,12" offsetX="0" offsetY="0" name="45-Wishling_Hold-2.png" scaleX="4"/>
  <sprite scaleY="4" rect="0,0,12,12" offsetX="0" offsetY="0" name="46-Wishling_Hold-1.png" scaleX="4"/>
  <sprite scaleY="4" rect="0,0,12,12" offsetX="0" offsetY="0" name="49-Wishling_Hold-1.png" scaleX="4"/>
  <sprite scaleY="4" rect="0,0,12,12" offsetX="0" offsetY="0" name="51-Wishling_Hold-2.png" scaleX="4"/>
  <sprite scaleY="4" rect="0,0,12,12" offsetX="0" offsetY="0" name="48-Wishling_Hold-1.png" scaleX="4"/>
  <sprite scaleY="4" rect="0,0,12,12" offsetX="0" offsetY="0" name="54-Wishling_Hold-1.png" scaleX="4"/>
  <sprite scaleY="4" rect="0,0,12,12" offsetX="0" offsetY="0" name="52-Wishling_Hold-1.png" scaleX="4"/>
  <sprite scaleY="4" rect="0,0,12,12" offsetX="0" offsetY="0" name="47-Wishling_Hold-2.png" scaleX="4"/>
  <sprite scaleY="4" rect="0,0,12,12" offsetX="0" offsetY="0" name="51-Wishling_Hold-3.png" scaleX="4"/>
  <sprite scaleY="4" rect="0,0,12,12" offsetX="0" offsetY="0" name="54-Wishling_Hold-2.png" scaleX="4"/>
  <sprite scaleY="4" rect="0,0,12,12" offsetX="0" offsetY="0" name="51-Wishling_Hold-1.png" scaleX="4"/>
  <sprite scaleY="4" rect="0,0,12,12" offsetX="0" offsetY="0" name="53-Wishling_Hold-1.png" scaleX="4"/>
 </spritesheet>
 <spritesheet resolution="medium" name="sheet_Top" filename="spriteSheets/sheet_Top-medium.png">
  <sprite scaleY="2" rect="1615,0,45,96" offsetX="-1.63725" offsetY="-19.2176" name="44-Wishling_Torso-1.png" scaleX="2"/>
  <sprite scaleY="2" rect="1556,0,59,93" offsetX="-21.0317" offsetY="-77.509" name="18-Wishling_Leg_R-1.png" scaleX="2"/>
  <sprite scaleY="2" rect="1507,0,49,87" offsetX="-23.1925" offsetY="-40.9483" name="15-Wishling_Arm_R-1.png" scaleX="2"/>
  <sprite scaleY="2" rect="1435,0,72,85" offsetX="0.162667" offsetY="31.1093" name="29-HeadLine-1.png" scaleX="2"/>
  <sprite scaleY="2" rect="1365,0,70,83" offsetX="0.162667" offsetY="31.1093" name="37-Wishling_head-1.png" scaleX="2"/>
  <sprite scaleY="2" rect="1329,0,36,80" offsetX="2.4704" offsetY="-77.8667" name="19-Wishling_Leg_L-1.png" scaleX="2"/>
  <sprite scaleY="2" rect="1260,0,69,75" offsetX="-5.704" offsetY="43.1019" name="32-Upper_Eyelash_Back-1.png" scaleX="2"/>
  <sprite scaleY="2" rect="1182,0,78,73" offsetX="-20.0797" offsetY="-81.8735" name="22-Wishling_Hand_R-3.png" scaleX="2"/>
  <sprite scaleY="2" rect="1126,0,56,73" offsetX="1.12213" offsetY="44.2539" name="42-Upper_Eyelash_Back-1.png" scaleX="2"/>
  <sprite scaleY="2" rect="1066,0,60,72" offsetX="14.5271" offsetY="-39.7639" name="16-Wishling_Arm_L-1.png" scaleX="2"/>
  <sprite scaleY="2" rect="1000,0,66,67" offsetX="-20.4187" offsetY="-80.843" name="22-Wishling_Hand_R-2.png" scaleX="2"/>
  <sprite scaleY="2" rect="949,0,51,67" offsetX="10.6864" offsetY="43.8229" name="39-EyePatch_Upper-1.png" scaleX="2"/>
  <sprite scaleY="2" rect="889,0,60,59" offsetX="38.8678" offsetY="-67.7003" name="23-Wishling_Hand_L-2.png" scaleX="2"/>
  <sprite scaleY="2" rect="839,0,50,57" offsetX="33.6182" offsetY="-66.7552" name="23-Wishling_Hand_L-1.png" scaleX="2"/>
  <sprite scaleY="2" rect="785,0,54,55" offsetX="-21.6262" offsetY="-74.4351" name="22-Wishling_Hand_R-1.png" scaleX="2"/>
  <sprite scaleY="2" rect="738,0,47,53" offsetX="5.81224" offsetY="-115.441" name="20-Wishling_Foot_L-3.png" scaleX="2"/>
  <sprite scaleY="2" rect="693,0,45,53" offsetX="-31.2088" offsetY="-118.223" name="21-Wishling_Foot_R-3.png" scaleX="2"/>
  <sprite scaleY="2" rect="660,0,33,50" offsetX="15.036" offsetY="37.6579" name="36-FrontEyebrow-1.png" scaleX="2"/>
  <sprite scaleY="2" rect="583,0,77,46" offsetX="-42.6407" offsetY="29.9377" name="7-Wishling_Ear_R-1.png" scaleX="2"/>
  <sprite scaleY="2" rect="514,0,69,46" offsetX="-29.3643" offsetY="34.2688" name="8-Wishling_Ear_L-1.png" scaleX="2"/>
  <sprite scaleY="2" rect="487,0,27,46" offsetX="31.7887" offsetY="24.8745" name="33-Back_Eye-1.png" scaleX="2"/>
  <sprite scaleY="2" rect="440,0,47,45" offsetX="-4.60107" offsetY="32.5045" name="40-MidEyelash-1.png" scaleX="2"/>
  <sprite scaleY="2" rect="407,0,33,42" offsetX="8.89013" offsetY="23.2875" name="41-Front_Eye-1.png" scaleX="2"/>
  <sprite scaleY="2" rect="385,0,22,39" offsetX="23.8373" offsetY="47.56" name="38-Horn-1.png" scaleX="2"/>
  <sprite scaleY="2" rect="322,0,63,38" offsetX="12.725" offsetY="-106.421" name="20-Wishling_Foot_L-2.png" scaleX="2"/>
  <sprite scaleY="2" rect="256,0,66,37" offsetX="-28.4191" offsetY="-49.8448" name="17-Wishling_Tail-1.png" scaleX="2"/>
  <sprite scaleY="2" rect="193,0,63,36" offsetX="-26.1847" offsetY="-108.544" name="21-Wishling_Foot_R-2.png" scaleX="2"/>
  <sprite scaleY="2" rect="135,0,58,36" offsetX="9.7775" offsetY="-107.006" name="20-Wishling_Foot_L-1.png" scaleX="2"/>
  <sprite scaleY="2" rect="83,0,52,35" offsetX="-32.8019" offsetY="-108.876" name="21-Wishling_Foot_R-1.png" scaleX="2"/>
  <sprite scaleY="2" rect="64,0,19,31" offsetX="16.7253" offsetY="17.3493" name="34-Pupil-1.png" scaleX="2"/>
  <sprite scaleY="2" rect="46,0,18,24" offsetX="22.9776" offsetY="8.8544" name="31-Wishling_Nose-1.png" scaleX="2"/>
  <sprite scaleY="2" rect="12,0,34,22" offsetX="6.55893" offsetY="12.4837" name="30-Lower_Eyelash-1.png" scaleX="2"/>
  <sprite scaleY="2" rect="0,0,12,12" offsetX="0" offsetY="0" name="45-Wishling_Hold-2.png" scaleX="2"/>
  <sprite scaleY="2" rect="0,0,12,12" offsetX="0" offsetY="0" name="46-Wishling_Hold-1.png" scaleX="2"/>
  <sprite scaleY="2" rect="0,0,12,12" offsetX="0" offsetY="0" name="49-Wishling_Hold-1.png" scaleX="2"/>
  <sprite scaleY="2" rect="0,0,12,12" offsetX="0" offsetY="0" name="51-Wishling_Hold-2.png" scaleX="2"/>
  <sprite scaleY="2" rect="0,0,12,12" offsetX="0" offsetY="0" name="48-Wishling_Hold-1.png" scaleX="2"/>
  <sprite scaleY="2" rect="0,0,12,12" offsetX="0" offsetY="0" name="54-Wishling_Hold-1.png" scaleX="2"/>
  <sprite scaleY="2" rect="0,0,12,12" offsetX="0" offsetY="0" name="52-Wishling_Hold-1.png" scaleX="2"/>
  <sprite scaleY="2" rect="0,0,12,12" offsetX="0" offsetY="0" name="47-Wishling_Hold-2.png" scaleX="2"/>
  <sprite scaleY="2" rect="0,0,12,12" offsetX="0" offsetY="0" name="51-Wishling_Hold-3.png" scaleX="2"/>
  <sprite scaleY="2" rect="0,0,12,12" offsetX="0" offsetY="0" name="54-Wishling_Hold-2.png" scaleX="2"/>
  <sprite scaleY="2" rect="0,0,12,12" offsetX="0" offsetY="0" name="51-Wishling_Hold-1.png" scaleX="2"/>
  <sprite scaleY="2" rect="0,0,12,12" offsetX="0" offsetY="0" name="53-Wishling_Hold-1.png" scaleX="2"/>
 </spritesheet>
 <spritesheet resolution="high" name="sheet_Top" filename="spriteSheets/sheet_Top-high.png">
  <sprite scaleY="1" rect="1969,80,78,180" offsetX="-3.2745" offsetY="-38.4352" name="44-Wishling_Torso-1.png" scaleX="1"/>
  <sprite scaleY="1" rect="1862,80,107,175" offsetX="-42.0634" offsetY="-155.018" name="18-Wishling_Leg_R-1.png" scaleX="1"/>
  <sprite scaleY="1" rect="1776,80,86,163" offsetX="-46.3851" offsetY="-81.8965" name="15-Wishling_Arm_R-1.png" scaleX="1"/>
  <sprite scaleY="1" rect="1644,80,132,159" offsetX="0.325333" offsetY="62.2187" name="29-HeadLine-1.png" scaleX="1"/>
  <sprite scaleY="1" rect="1516,80,128,155" offsetX="0.325333" offsetY="62.2187" name="37-Wishling_head-1.png" scaleX="1"/>
  <sprite scaleY="1" rect="1455,80,61,149" offsetX="4.9408" offsetY="-155.733" name="19-Wishling_Leg_L-1.png" scaleX="1"/>
  <sprite scaleY="1" rect="1329,80,126,138" offsetX="-11.408" offsetY="86.2037" name="32-Upper_Eyelash_Back-1.png" scaleX="1"/>
  <sprite scaleY="1" rect="1184,80,145,135" offsetX="-40.1595" offsetY="-163.747" name="22-Wishling_Hand_R-3.png" scaleX="1"/>
  <sprite scaleY="1" rect="1083,80,101,134" offsetX="2.24427" offsetY="88.5077" name="42-Upper_Eyelash_Back-1.png" scaleX="1"/>
  <sprite scaleY="1" rect="974,80,109,132" offsetX="29.0542" offsetY="-79.5278" name="16-Wishling_Arm_L-1.png" scaleX="1"/>
  <sprite scaleY="1" rect="853,80,121,122" offsetX="-40.8375" offsetY="-161.686" name="22-Wishling_Hand_R-2.png" scaleX="1"/>
  <sprite scaleY="1" rect="762,80,91,122" offsetX="21.3728" offsetY="87.6459" name="39-EyePatch_Upper-1.png" scaleX="1"/>
  <sprite scaleY="1" rect="653,80,109,106" offsetX="77.7357" offsetY="-135.401" name="23-Wishling_Hand_L-2.png" scaleX="1"/>
  <sprite scaleY="1" rect="564,80,89,103" offsetX="67.2365" offsetY="-133.51" name="23-Wishling_Hand_L-1.png" scaleX="1"/>
  <sprite scaleY="1" rect="468,80,96,99" offsetX="-43.2524" offsetY="-148.87" name="22-Wishling_Hand_R-1.png" scaleX="1"/>
  <sprite scaleY="1" rect="385,80,83,95" offsetX="11.6245" offsetY="-230.882" name="20-Wishling_Foot_L-3.png" scaleX="1"/>
  <sprite scaleY="1" rect="306,80,79,94" offsetX="-62.4176" offsetY="-236.445" name="21-Wishling_Foot_R-3.png" scaleX="1"/>
  <sprite scaleY="1" rect="251,80,55,89" offsetX="30.072" offsetY="75.3158" name="36-FrontEyebrow-1.png" scaleX="1"/>
  <sprite scaleY="1" rect="109,80,142,81" offsetX="-85.2814" offsetY="59.8755" name="7-Wishling_Ear_R-1.png" scaleX="1"/>
  <sprite scaleY="1" rect="67,80,42,81" offsetX="63.5773" offsetY="49.7491" name="33-Back_Eye-1.png" scaleX="1"/>
  <sprite scaleY="1" rect="12,80,55,73" offsetX="17.7803" offsetY="46.5749" name="41-Front_Eye-1.png" scaleX="1"/>
  <sprite scaleY="1" rect="0,80,12,12" offsetX="0" offsetY="0" name="45-Wishling_Hold-2.png" scaleX="1"/>
  <sprite scaleY="1" rect="1920,0,127,80" offsetX="-58.7285" offsetY="68.5376" name="8-Wishling_Ear_L-1.png" scaleX="1"/>
  <sprite scaleY="1" rect="1838,0,82,79" offsetX="-9.20213" offsetY="65.0091" name="40-MidEyelash-1.png" scaleX="1"/>
  <sprite scaleY="1" rect="1805,0,33,66" offsetX="47.6747" offsetY="95.12" name="38-Horn-1.png" scaleX="1"/>
  <sprite scaleY="1" rect="1691,0,114,64" offsetX="25.45" offsetY="-212.842" name="20-Wishling_Foot_L-2.png" scaleX="1"/>
  <sprite scaleY="1" rect="1570,0,121,62" offsetX="-56.8381" offsetY="-99.6896" name="17-Wishling_Tail-1.png" scaleX="1"/>
  <sprite scaleY="1" rect="1455,0,115,60" offsetX="-52.3694" offsetY="-217.088" name="21-Wishling_Foot_R-2.png" scaleX="1"/>
  <sprite scaleY="1" rect="1351,0,104,60" offsetX="19.555" offsetY="-214.012" name="20-Wishling_Foot_L-1.png" scaleX="1"/>
  <sprite scaleY="1" rect="1258,0,93,58" offsetX="-65.6039" offsetY="-217.753" name="21-Wishling_Foot_R-1.png" scaleX="1"/>
  <sprite scaleY="1" rect="1232,0,26,51" offsetX="33.4507" offsetY="34.6987" name="34-Pupil-1.png" scaleX="1"/>
  <sprite scaleY="1" rect="1207,0,25,36" offsetX="45.9552" offsetY="17.7088" name="31-Wishling_Nose-1.png" scaleX="1"/>
  <sprite scaleY="1" rect="1150,0,57,33" offsetX="13.1179" offsetY="24.9675" name="30-Lower_Eyelash-1.png" scaleX="1"/>
  <sprite scaleY="1" rect="0,80,12,12" offsetX="0" offsetY="0" name="46-Wishling_Hold-1.png" scaleX="1"/>
  <sprite scaleY="1" rect="0,80,12,12" offsetX="0" offsetY="0" name="49-Wishling_Hold-1.png" scaleX="1"/>
  <sprite scaleY="1" rect="0,80,12,12" offsetX="0" offsetY="0" name="51-Wishling_Hold-2.png" scaleX="1"/>
  <sprite scaleY="1" rect="0,80,12,12" offsetX="0" offsetY="0" name="48-Wishling_Hold-1.png" scaleX="1"/>
  <sprite scaleY="1" rect="0,80,12,12" offsetX="0" offsetY="0" name="54-Wishling_Hold-1.png" scaleX="1"/>
  <sprite scaleY="1" rect="0,80,12,12" offsetX="0" offsetY="0" name="52-Wishling_Hold-1.png" scaleX="1"/>
  <sprite scaleY="1" rect="0,80,12,12" offsetX="0" offsetY="0" name="47-Wishling_Hold-2.png" scaleX="1"/>
  <sprite scaleY="1" rect="0,80,12,12" offsetX="0" offsetY="0" name="51-Wishling_Hold-3.png" scaleX="1"/>
  <sprite scaleY="1" rect="0,80,12,12" offsetX="0" offsetY="0" name="54-Wishling_Hold-2.png" scaleX="1"/>
  <sprite scaleY="1" rect="0,80,12,12" offsetX="0" offsetY="0" name="51-Wishling_Hold-1.png" scaleX="1"/>
  <sprite scaleY="1" rect="0,80,12,12" offsetX="0" offsetY="0" name="53-Wishling_Hold-1.png" scaleX="1"/>
 </spritesheet>
 <spritesheet resolution="ultra" name="sheet_Top" filename="spriteSheets/sheet_Top-ultra.png">
  <sprite scaleY="0.5" rect="1899,380,145,349" offsetX="-6.549" offsetY="-76.8704" name="44-Wishling_Torso-1.png" scaleX="0.5"/>
  <sprite scaleY="0.5" rect="1697,380,202,339" offsetX="-84.1267" offsetY="-310.036" name="18-Wishling_Leg_R-1.png" scaleX="0.5"/>
  <sprite scaleY="0.5" rect="1537,380,160,314" offsetX="-92.7701" offsetY="-163.793" name="15-Wishling_Arm_R-1.png" scaleX="0.5"/>
  <sprite scaleY="0.5" rect="1284,380,253,307" offsetX="0.650667" offsetY="124.437" name="29-HeadLine-1.png" scaleX="0.5"/>
  <sprite scaleY="0.5" rect="1039,380,245,299" offsetX="0.650667" offsetY="124.437" name="37-Wishling_head-1.png" scaleX="0.5"/>
  <sprite scaleY="0.5" rect="928,380,111,287" offsetX="9.8816" offsetY="-311.467" name="19-Wishling_Leg_L-1.png" scaleX="0.5"/>
  <sprite scaleY="0.5" rect="687,380,241,265" offsetX="-22.816" offsetY="172.407" name="32-Upper_Eyelash_Back-1.png" scaleX="0.5"/>
  <sprite scaleY="0.5" rect="408,380,279,259" offsetX="-80.319" offsetY="-327.494" name="22-Wishling_Hand_R-3.png" scaleX="0.5"/>
  <sprite scaleY="0.5" rect="218,380,190,256" offsetX="4.48853" offsetY="177.015" name="42-Upper_Eyelash_Back-1.png" scaleX="0.5"/>
  <sprite scaleY="0.5" rect="12,380,206,253" offsetX="58.1085" offsetY="-159.056" name="16-Wishling_Arm_L-1.png" scaleX="0.5"/>
  <sprite scaleY="0.5" rect="0,380,12,12" offsetX="0" offsetY="0" name="45-Wishling_Hold-2.png" scaleX="0.5"/>
  <sprite scaleY="0.5" rect="1813,147,231,233" offsetX="-81.6749" offsetY="-323.372" name="22-Wishling_Hand_R-2.png" scaleX="0.5"/>
  <sprite scaleY="0.5" rect="1643,147,170,232" offsetX="42.7456" offsetY="175.292" name="39-EyePatch_Upper-1.png" scaleX="0.5"/>
  <sprite scaleY="0.5" rect="1437,147,206,201" offsetX="155.471" offsetY="-270.801" name="23-Wishling_Hand_L-2.png" scaleX="0.5"/>
  <sprite scaleY="0.5" rect="1271,147,166,195" offsetX="134.473" offsetY="-267.021" name="23-Wishling_Hand_L-1.png" scaleX="0.5"/>
  <sprite scaleY="0.5" rect="1090,147,181,187" offsetX="-86.5049" offsetY="-297.741" name="22-Wishling_Hand_R-1.png" scaleX="0.5"/>
  <sprite scaleY="0.5" rect="935,147,155,178" offsetX="23.249" offsetY="-461.764" name="20-Wishling_Foot_L-3.png" scaleX="0.5"/>
  <sprite scaleY="0.5" rect="788,147,147,176" offsetX="-124.835" offsetY="-472.891" name="21-Wishling_Foot_R-3.png" scaleX="0.5"/>
  <sprite scaleY="0.5" rect="689,147,99,166" offsetX="60.144" offsetY="150.632" name="36-FrontEyebrow-1.png" scaleX="0.5"/>
  <sprite scaleY="0.5" rect="416,147,273,151" offsetX="-170.563" offsetY="119.751" name="7-Wishling_Ear_R-1.png" scaleX="0.5"/>
  <sprite scaleY="0.5" rect="343,147,73,151" offsetX="127.155" offsetY="99.4981" name="33-Back_Eye-1.png" scaleX="0.5"/>
  <sprite scaleY="0.5" rect="100,147,243,149" offsetX="-117.457" offsetY="137.075" name="8-Wishling_Ear_L-1.png" scaleX="0.5"/>
  <sprite scaleY="0.5" rect="2,147,98,135" offsetX="35.5605" offsetY="93.1499" name="41-Front_Eye-1.png" scaleX="0.5"/>
  <sprite scaleY="0.5" rect="1892,0,152,147" offsetX="-18.4043" offsetY="130.018" name="40-MidEyelash-1.png" scaleX="0.5"/>
  <sprite scaleY="0.5" rect="1837,0,55,120" offsetX="95.3493" offsetY="190.24" name="38-Horn-1.png" scaleX="0.5"/>
  <sprite scaleY="0.5" rect="1620,0,217,116" offsetX="50.9" offsetY="-425.684" name="20-Wishling_Foot_L-2.png" scaleX="0.5"/>
  <sprite scaleY="0.5" rect="1389,0,231,113" offsetX="-113.676" offsetY="-199.379" name="17-Wishling_Tail-1.png" scaleX="0.5"/>
  <sprite scaleY="0.5" rect="1192,0,197,109" offsetX="39.11" offsetY="-428.024" name="20-Wishling_Foot_L-1.png" scaleX="0.5"/>
  <sprite scaleY="0.5" rect="974,0,218,108" offsetX="-104.739" offsetY="-434.177" name="21-Wishling_Foot_R-2.png" scaleX="0.5"/>
  <sprite scaleY="0.5" rect="800,0,174,105" offsetX="-131.208" offsetY="-435.506" name="21-Wishling_Foot_R-1.png" scaleX="0.5"/>
  <sprite scaleY="0.5" rect="759,0,41,91" offsetX="66.9013" offsetY="69.3973" name="34-Pupil-1.png" scaleX="0.5"/>
  <sprite scaleY="0.5" rect="720,0,39,60" offsetX="91.9104" offsetY="35.4176" name="31-Wishling_Nose-1.png" scaleX="0.5"/>
  <sprite scaleY="0.5" rect="617,0,103,54" offsetX="26.2357" offsetY="49.9349" name="30-Lower_Eyelash-1.png" scaleX="0.5"/>
  <sprite scaleY="0.5" rect="0,380,12,12" offsetX="0" offsetY="0" name="46-Wishling_Hold-1.png" scaleX="0.5"/>
  <sprite scaleY="0.5" rect="0,380,12,12" offsetX="0" offsetY="0" name="49-Wishling_Hold-1.png" scaleX="0.5"/>
  <sprite scaleY="0.5" rect="0,380,12,12" offsetX="0" offsetY="0" name="51-Wishling_Hold-2.png" scaleX="0.5"/>
  <sprite scaleY="0.5" rect="0,380,12,12" offsetX="0" offsetY="0" name="48-Wishling_Hold-1.png" scaleX="0.5"/>
  <sprite scaleY="0.5" rect="0,380,12,12" offsetX="0" offsetY="0" name="54-Wishling_Hold-1.png" scaleX="0.5"/>
  <sprite scaleY="0.5" rect="0,380,12,12" offsetX="0" offsetY="0" name="52-Wishling_Hold-1.png" scaleX="0.5"/>
  <sprite scaleY="0.5" rect="0,380,12,12" offsetX="0" offsetY="0" name="47-Wishling_Hold-2.png" scaleX="0.5"/>
  <sprite scaleY="0.5" rect="0,380,12,12" offsetX="0" offsetY="0" name="51-Wishling_Hold-3.png" scaleX="0.5"/>
  <sprite scaleY="0.5" rect="0,380,12,12" offsetX="0" offsetY="0" name="54-Wishling_Hold-2.png" scaleX="0.5"/>
  <sprite scaleY="0.5" rect="0,380,12,12" offsetX="0" offsetY="0" name="51-Wishling_Hold-1.png" scaleX="0.5"/>
  <sprite scaleY="0.5" rect="0,380,12,12" offsetX="0" offsetY="0" name="53-Wishling_Hold-1.png" scaleX="0.5"/>
 </spritesheet>
</spritesheets>
