<skeletons>
 <skeleton name="Top">
  <nodes>
   <peg id="0" name="scissors_right_down-P"/>
   <peg id="1" name="scissors_mid_down-P"/>
   <peg id="2" name="scissors_left_down-P"/>
   <peg id="3" name="scissors_glove_down_-P"/>
   <read id="4" name="scissors_glove_down_"/>
   <peg id="5" name="scissors_scissor_down-P"/>
   <read id="6" name="scissors_scissor_down"/>
   <peg id="7" name="scissors_glove_down_under_scissor-P"/>
   <read id="8" name="scissors_glove_down_under_scissor"/>
   <read id="9" name="scissors_left_down"/>
   <read id="10" name="scissors_mid_down"/>
   <read id="11" name="scissors_right_down"/>
   <peg id="12" name="scissors_right_up-P"/>
   <peg id="13" name="scissors_mid_up-P"/>
   <peg id="14" name="scissors_left_up-P"/>
   <peg id="15" name="scissors_glove_up-P"/>
   <read id="16" name="scissors_glove_up"/>
   <peg id="17" name="scissors_scissor_up-P"/>
   <read id="18" name="scissors_scissor_up"/>
   <peg id="19" name="scissors_glove_up_under_scissor-P"/>
   <read id="20" name="scissors_glove_up_under_scissor"/>
   <read id="21" name="scissors_left_up"/>
   <read id="22" name="scissors_mid_up"/>
   <read id="23" name="scissors_right_up"/>
  </nodes>
  <links>
   <link in="Top" out="0"/>
   <link in="0" out="1"/>
   <link in="1" out="2"/>
   <link in="2" out="3"/>
   <link in="3" out="4"/>
   <link in="3" out="5"/>
   <link in="5" out="6"/>
   <link in="3" out="7"/>
   <link in="7" out="8"/>
   <link in="2" out="9"/>
   <link in="1" out="10"/>
   <link in="0" out="11"/>
   <link in="Top" out="12"/>
   <link in="12" out="13"/>
   <link in="13" out="14"/>
   <link in="14" out="15"/>
   <link in="15" out="16"/>
   <link in="15" out="17"/>
   <link in="17" out="18"/>
   <link in="15" out="19"/>
   <link in="19" out="20"/>
   <link in="14" out="21"/>
   <link in="13" out="22"/>
   <link in="12" out="23"/>
  </links>
 </skeleton>
</skeletons>
