<!DOCTYPE spritesheets>
<spritesheets>
 <spritesheet resolution="my game" width="1401" height="173" name="sheet_Top" filename="spriteSheets/sheet_Top-my game.png">
  <sprite scaleY="4.00031" angleDegrees="0" rect="1070,0,331,173" offsetX="132.504" offsetY="75.8519" name="2-scissors-1_scissor_down_scissor_down.png" scaleX="4.00031"/>
  <sprite scaleY="4.00031" angleDegrees="0" rect="1021,0,49,126" offsetX="304.593" offsetY="194.607" name="2-scissors-1_left_up_left_up.png" scaleX="4.00031"/>
  <sprite scaleY="4.00031" angleDegrees="0" rect="971,0,50,125" offsetX="301.393" offsetY="-173.156" name="2-scissors-1_left_down_left_down.png" scaleX="4.00031"/>
  <sprite scaleY="4.00031" angleDegrees="0" rect="623,0,348,121" offsetX="122.311" offsetY="-98.1333" name="2-scissors-1_scissor_up_scissor_up.png" scaleX="4.00031"/>
  <sprite scaleY="4.00031" angleDegrees="0" rect="529,0,94,85" offsetX="423.704" offsetY="-221.63" name="2-scissors-1_right_down_right_down.png" scaleX="4.00031"/>
  <sprite scaleY="4.00031" angleDegrees="0" rect="435,0,94,85" offsetX="420.504" offsetY="229.807" name="2-scissors-1_right_up_right_up.png" scaleX="4.00031"/>
  <sprite scaleY="4.00031" angleDegrees="0" rect="372,0,63,79" offsetX="295.23" offsetY="121.007" name="2-scissors-1_glove_up_glove_up.png" scaleX="4.00031"/>
  <sprite scaleY="4.00031" angleDegrees="0" rect="305,0,67,78" offsetX="286.578" offsetY="-95.4074" name="2-scissors-1_glove_down__glove_down_.png" scaleX="4.00031"/>
  <sprite scaleY="4.00031" angleDegrees="0" rect="265,0,40,51" offsetX="295.348" offsetY="-83.2" name="2-scissors-1_glove_down_under_scissor_glove_down_under_scissor.png" scaleX="4.00031"/>
  <sprite scaleY="4.00031" angleDegrees="0" rect="227,0,38,45" offsetX="306.489" offsetY="110.696" name="2-scissors-1_glove_up_under_scissor_glove_up_under_scissor.png" scaleX="4.00031"/>
  <sprite scaleY="4.00031" angleDegrees="0" rect="113,0,114,36" offsetX="337.896" offsetY="-290.726" name="2-scissors-1_mid_down_mid_down.png" scaleX="4.00031"/>
  <sprite scaleY="4.00031" angleDegrees="0" rect="0,0,113,36" offsetX="327.111" offsetY="319.407" name="2-scissors-1_mid_up_mid_up.png" scaleX="4.00031"/>
 </spritesheet>
</spritesheets>
