<skeletons>
 <skeleton name="Top">
  <nodes>
   <peg id="0" name="boxing_glove_1st_front-P"/>
   <peg id="1" name="boxing_glove_2nd_back-P"/>
   <peg id="2" name="boxing_glove_3rd_front-P"/>
   <peg id="3" name="boxing_glove_4th_back-P"/>
   <peg id="4" name="boxing_glove_5th_front-P"/>
   <peg id="5" name="boxing_glove_6th_back-P"/>
   <peg id="6" name="boxing_glove_last_front-P"/>
   <peg id="7" name="boxing_glove_glove-P"/>
   <read id="8" name="boxing_glove_glove"/>
   <read id="9" name="boxing_glove_last_front"/>
   <read id="10" name="boxing_glove_6th_back"/>
   <read id="11" name="boxing_glove_5th_front"/>
   <read id="12" name="boxing_glove_4th_back"/>
   <read id="13" name="boxing_glove_3rd_front"/>
   <read id="14" name="boxing_glove_2nd_back"/>
   <read id="15" name="boxing_glove_1st_front"/>
   <peg id="16" name="boxing_glove_1st_back-P"/>
   <peg id="17" name="boxing_glove_2nd_front-P"/>
   <peg id="18" name="boxing_glove_3rd_back-P"/>
   <peg id="19" name="boxing_glove_4th_front-P"/>
   <peg id="20" name="boxing_glove_5th_back-P"/>
   <peg id="21" name="boxing_glove_6th_front-P"/>
   <peg id="22" name="boxing_glove_last_back-P"/>
   <read id="23" name="boxing_glove_last_back"/>
   <read id="24" name="boxing_glove_6th_front"/>
   <read id="25" name="boxing_glove_5th_back"/>
   <read id="26" name="boxing_glove_4th_front"/>
   <read id="27" name="boxing_glove_3rd_back"/>
   <read id="28" name="boxing_glove_2nd_front"/>
   <read id="29" name="boxing_glove_1st_back"/>
  </nodes>
  <links>
   <link in="Top" out="0"/>
   <link in="0" out="1"/>
   <link in="1" out="2"/>
   <link in="2" out="3"/>
   <link in="3" out="4"/>
   <link in="4" out="5"/>
   <link in="5" out="6"/>
   <link in="6" out="7"/>
   <link in="7" out="8"/>
   <link in="6" out="9"/>
   <link in="5" out="10"/>
   <link in="4" out="11"/>
   <link in="3" out="12"/>
   <link in="2" out="13"/>
   <link in="1" out="14"/>
   <link in="0" out="15"/>
   <link in="Top" out="16"/>
   <link in="16" out="17"/>
   <link in="17" out="18"/>
   <link in="18" out="19"/>
   <link in="19" out="20"/>
   <link in="20" out="21"/>
   <link in="21" out="22"/>
   <link in="22" out="23"/>
   <link in="21" out="24"/>
   <link in="20" out="25"/>
   <link in="19" out="26"/>
   <link in="18" out="27"/>
   <link in="17" out="28"/>
   <link in="16" out="29"/>
  </links>
 </skeleton>
</skeletons>
